origin,destination,weight,distance,carrier,season,weather_score,traffic_score,is_delayed,delay_days
Ahmedabad,Chennai,1002,800,DTDC,Monsoon,4,5,1,4
Chennai,Bangalore,2357,350,FedEx,Monsoon,3,6,0,0
Pune,Kolkata,1051,800,Delhivery,Monsoon,8,4,0,0
Kolkata,Hyderabad,21,800,DHL,Winter,9,1,0,0
Ahmedabad,Pune,3686,800,DHL,Winter,1,5,0,0
Lucknow,Chennai,4835,800,FedEx,Monsoon,2,3,0,0
Bangalore,Kolkata,3075,1900,DHL,Autumn,1,9,1,3
Ahmedabad,Lucknow,2046,800,Delhivery,Autumn,4,4,0,0
Pune,Hyderabad,3056,800,DTDC,Winter,10,10,1,5
Kolkata,Chennai,2360,1660,BlueDart,Summer,7,2,0,0
Chennai,Delhi,550,800,Delhivery,Monsoon,7,4,1,4
Pune,Hyderabad,2870,800,Delhivery,Monsoon,6,3,1,4
Pune,Delhi,86,800,BlueDart,Summer,5,3,1,2
Bangalore,Hyderabad,3077,800,BlueDart,Winter,4,5,1,2
Hyderabad,Ahmedabad,33,800,DTDC,Autumn,8,1,1,3
Kolkata,Chennai,685,1660,DTDC,Winter,7,5,1,4
Delhi,Chennai,2404,800,DTDC,Autumn,10,8,1,4
Pune,Ahmedabad,4277,800,DHL,Autumn,1,10,1,2
Hyderabad,Delhi,3408,800,Delhivery,Winter,6,9,1,4
Delhi,Ahmedabad,2769,800,BlueDart,Monsoon,2,1,1,2
Kolkata,Chennai,498,1660,Delhivery,Monsoon,4,2,0,0
Mumbai,Ahmedabad,1495,800,Delhivery,Monsoon,5,2,0,0
Lucknow,Chennai,3669,800,DTDC,Autumn,8,6,0,0
Hyderabad,Chennai,3245,800,DTDC,Monsoon,6,1,0,0
Jaipur,Chennai,2429,800,Delhivery,Autumn,2,1,0,0
Mumbai,Lucknow,3505,800,DTDC,Monsoon,5,2,0,0
Lucknow,Ahmedabad,766,800,DHL,Winter,5,4,0,0
Bangalore,Chennai,2534,350,BlueDart,Summer,6,2,0,0
Ahmedabad,Bangalore,4260,800,Delhivery,Autumn,1,4,0,0
Chennai,Ahmedabad,266,800,BlueDart,Winter,8,3,0,0
Jaipur,Hyderabad,1789,800,DHL,Autumn,3,3,0,0
Bangalore,Kolkata,4779,1900,DTDC,Autumn,5,9,0,0
Kolkata,Lucknow,2125,800,FedEx,Winter,7,8,1,3
Bangalore,Kolkata,3358,1900,DHL,Monsoon,3,10,0,0
Ahmedabad,Lucknow,4778,800,FedEx,Autumn,10,9,0,0
Kolkata,Chennai,1482,1660,BlueDart,Summer,6,1,0,0
Jaipur,Delhi,268,800,Delhivery,Summer,5,5,0,0
Ahmedabad,Delhi,4085,800,DTDC,Winter,7,4,1,3
Delhi,Hyderabad,316,800,DHL,Summer,10,9,1,4
Chennai,Kolkata,1128,1660,DTDC,Winter,3,3,1,3
Jaipur,Ahmedabad,3027,800,FedEx,Winter,2,5,0,0
Delhi,Hyderabad,4351,800,FedEx,Autumn,4,8,1,3
Lucknow,Hyderabad,2790,800,Delhivery,Winter,3,10,1,3
Jaipur,Chennai,1668,800,FedEx,Winter,4,5,1,2
Lucknow,Delhi,196,800,Delhivery,Monsoon,7,9,1,5
Kolkata,Lucknow,1807,800,DHL,Autumn,5,2,0,0
Delhi,Pune,934,800,Delhivery,Summer,4,6,1,3
Chennai,Kolkata,794,1660,FedEx,Monsoon,6,5,1,4
Ahmedabad,Bangalore,3454,800,BlueDart,Monsoon,7,9,1,5
Pune,Bangalore,3206,800,Delhivery,Autumn,5,7,1,3
Bangalore,Lucknow,1370,800,DTDC,Autumn,7,8,0,0
Mumbai,Hyderabad,350,800,BlueDart,Monsoon,3,7,0,0
Chennai,Bangalore,572,350,Delhivery,Autumn,7,10,1,4
Delhi,Hyderabad,4756,800,DTDC,Autumn,3,10,1,3
Pune,Delhi,3009,800,BlueDart,Winter,6,5,0,0
Chennai,Kolkata,1203,1660,Delhivery,Autumn,8,5,1,4
Delhi,Bangalore,3120,800,DHL,Winter,6,4,0,0
Hyderabad,Delhi,78,800,DTDC,Monsoon,10,2,1,5
Hyderabad,Jaipur,2438,800,DHL,Monsoon,3,9,1,4
Lucknow,Mumbai,3608,800,FedEx,Summer,5,10,0,0
Chennai,Pune,2382,800,Delhivery,Autumn,9,10,0,0
Hyderabad,Kolkata,4566,800,Delhivery,Monsoon,8,10,1,5
Delhi,Jaipur,853,800,DTDC,Winter,6,10,1,4
Lucknow,Mumbai,583,800,Delhivery,Monsoon,9,3,0,0
Delhi,Pune,4224,800,FedEx,Autumn,2,3,0,0
Lucknow,Kolkata,2606,800,Delhivery,Summer,9,3,0,0
Chennai,Kolkata,4751,1660,BlueDart,Summer,10,8,1,5
Pune,Ahmedabad,1488,800,DHL,Monsoon,10,6,1,5
Ahmedabad,Delhi,2083,800,FedEx,Summer,6,1,1,2
Jaipur,Mumbai,1523,800,FedEx,Autumn,9,3,0,0
Pune,Mumbai,978,800,DHL,Autumn,4,4,1,2
Kolkata,Mumbai,2206,800,DHL,Summer,5,2,0,0
Delhi,Hyderabad,1521,800,FedEx,Winter,2,6,0,0
Kolkata,Pune,664,800,DHL,Summer,3,10,0,0
Pune,Delhi,3002,800,DTDC,Summer,1,1,0,0
Lucknow,Pune,4660,800,DHL,Monsoon,4,1,0,0
Jaipur,Chennai,4530,800,BlueDart,Winter,2,8,0,0
Jaipur,Bangalore,302,800,BlueDart,Summer,2,4,1,2
Mumbai,Jaipur,2611,800,DTDC,Monsoon,1,1,0,0
Jaipur,Delhi,4536,800,DHL,Monsoon,10,7,1,5
Ahmedabad,Bangalore,4422,800,BlueDart,Monsoon,2,9,1,4
Jaipur,Bangalore,4503,800,Delhivery,Autumn,4,10,1,3
Pune,Mumbai,1598,800,DHL,Monsoon,6,7,0,0
Mumbai,Ahmedabad,605,800,DTDC,Monsoon,7,1,0,0
Pune,Delhi,2603,800,DHL,Autumn,7,1,0,0
Pune,Mumbai,2133,800,FedEx,Autumn,7,1,0,0
Bangalore,Delhi,1953,800,FedEx,Monsoon,4,8,0,0
Mumbai,Ahmedabad,925,800,BlueDart,Summer,5,7,0,0
Pune,Chennai,3879,800,FedEx,Winter,3,3,1,2
Bangalore,Ahmedabad,2804,800,DTDC,Autumn,1,3,0,0
Bangalore,Lucknow,3088,800,BlueDart,Winter,8,3,0,0
Mumbai,Jaipur,985,800,DTDC,Autumn,10,2,0,0
Kolkata,Mumbai,1085,800,DTDC,Monsoon,7,4,1,4
Lucknow,Pune,2999,800,FedEx,Autumn,9,7,1,4
Ahmedabad,Lucknow,3477,800,FedEx,Monsoon,10,9,1,5
Lucknow,Hyderabad,1461,800,DTDC,Winter,4,3,1,2
Jaipur,Kolkata,3833,800,FedEx,Summer,5,10,1,3
Ahmedabad,Hyderabad,3942,800,FedEx,Monsoon,5,7,0,0
Jaipur,Hyderabad,2038,800,FedEx,Winter,7,4,0,0
Pune,Lucknow,372,800,DHL,Winter,9,1,0,0
Delhi,Kolkata,2439,1500,DTDC,Autumn,8,5,1,4
Mumbai,Bangalore,3642,800,Delhivery,Monsoon,7,8,1,5
Ahmedabad,Lucknow,2328,800,DTDC,Winter,1,3,1,2
Ahmedabad,Delhi,3095,800,BlueDart,Summer,10,10,1,4
Pune,Lucknow,2355,800,FedEx,Autumn,6,4,0,0
Kolkata,Delhi,3608,1500,FedEx,Autumn,10,3,1,4
Bangalore,Jaipur,4339,800,Delhivery,Winter,9,10,0,0
Pune,Lucknow,1741,800,BlueDart,Monsoon,7,8,1,4
Hyderabad,Lucknow,36,800,DHL,Autumn,1,10,0,0
Bangalore,Lucknow,102,800,DTDC,Monsoon,9,8,1,5
Mumbai,Bangalore,2674,800,DHL,Winter,3,4,0,0
Bangalore,Kolkata,318,1900,BlueDart,Winter,9,2,0,0
Kolkata,Pune,61,800,Delhivery,Monsoon,4,3,0,0
Bangalore,Delhi,328,800,BlueDart,Summer,9,3,0,0
Mumbai,Delhi,2002,800,Delhivery,Autumn,8,4,0,0
Kolkata,Bangalore,4286,1900,DHL,Winter,7,2,1,3
Lucknow,Chennai,3901,800,DHL,Summer,4,2,1,2
Ahmedabad,Jaipur,4752,800,BlueDart,Summer,9,3,0,0
Ahmedabad,Hyderabad,3966,800,BlueDart,Monsoon,4,1,1,3
Jaipur,Delhi,2702,800,FedEx,Monsoon,1,8,0,0
Lucknow,Jaipur,3028,800,Delhivery,Monsoon,6,6,0,0
Lucknow,Delhi,2034,800,FedEx,Summer,4,3,0,0
Bangalore,Hyderabad,4441,800,DTDC,Autumn,10,1,0,0
Ahmedabad,Chennai,1535,800,DTDC,Monsoon,3,3,0,0
Mumbai,Pune,1288,800,BlueDart,Autumn,5,1,0,0
Chennai,Jaipur,523,800,DHL,Monsoon,3,3,0,0
Chennai,Hyderabad,4347,800,DTDC,Summer,9,4,0,0
Kolkata,Hyderabad,1743,800,DTDC,Autumn,6,6,0,0
Ahmedabad,Delhi,3380,800,FedEx,Autumn,3,7,0,0
Ahmedabad,Jaipur,3931,800,FedEx,Summer,5,7,1,3
Chennai,Delhi,2510,800,DTDC,Autumn,8,9,1,4
Ahmedabad,Hyderabad,3474,800,BlueDart,Summer,8,8,1,4
Bangalore,Jaipur,2269,800,FedEx,Summer,6,4,1,3
Hyderabad,Ahmedabad,4773,800,DTDC,Winter,5,6,1,3
Delhi,Kolkata,4699,1500,DHL,Monsoon,5,1,0,0
Lucknow,Chennai,2669,800,FedEx,Winter,1,8,0,0
Jaipur,Hyderabad,265,800,DTDC,Summer,2,6,0,0
Kolkata,Chennai,1512,1660,Delhivery,Summer,4,2,0,0
Hyderabad,Jaipur,4666,800,FedEx,Autumn,6,8,1,3
Chennai,Lucknow,2120,800,Delhivery,Summer,7,4,1,3
Lucknow,Mumbai,416,800,FedEx,Summer,1,9,0,0
Ahmedabad,Chennai,2859,800,FedEx,Summer,8,4,1,3
Jaipur,Chennai,3186,800,Delhivery,Monsoon,1,1,0,0
Ahmedabad,Delhi,1870,800,BlueDart,Winter,9,7,1,4
Mumbai,Ahmedabad,4364,800,DTDC,Winter,4,10,1,3
Mumbai,Chennai,732,800,BlueDart,Monsoon,7,5,1,4
Jaipur,Ahmedabad,1292,800,BlueDart,Monsoon,6,10,1,5
Jaipur,Kolkata,623,800,DTDC,Monsoon,9,5,0,0
Chennai,Kolkata,3341,1660,DHL,Winter,2,4,0,0
Jaipur,Kolkata,3126,800,BlueDart,Winter,7,6,0,0
Bangalore,Jaipur,1988,800,BlueDart,Summer,5,1,0,0
Ahmedabad,Bangalore,822,800,BlueDart,Winter,7,3,0,0
Hyderabad,Pune,1796,800,DHL,Autumn,1,7,0,0
Pune,Hyderabad,340,800,FedEx,Winter,10,8,1,4
Jaipur,Mumbai,2222,800,Delhivery,Monsoon,9,9,0,0
Kolkata,Pune,1226,800,Delhivery,Winter,1,1,0,0
Mumbai,Pune,4492,800,DHL,Summer,5,4,1,2
Bangalore,Mumbai,3347,800,BlueDart,Winter,8,2,1,3
Lucknow,Jaipur,2385,800,Delhivery,Monsoon,1,2,1,3
Pune,Hyderabad,1250,800,DHL,Autumn,7,1,0,0
Hyderabad,Delhi,329,800,DTDC,Monsoon,2,5,0,0
Pune,Kolkata,4504,800,Delhivery,Autumn,7,2,0,0
Jaipur,Chennai,1924,800,DTDC,Summer,7,4,0,0
Chennai,Pune,4210,800,BlueDart,Summer,9,9,1,4
Mumbai,Jaipur,4801,800,Delhivery,Winter,6,3,0,0
Mumbai,Delhi,339,800,DHL,Summer,4,8,1,3
Lucknow,Kolkata,669,800,FedEx,Summer,7,10,0,0
Chennai,Bangalore,3698,350,Delhivery,Monsoon,7,6,0,0
Ahmedabad,Mumbai,3128,800,Delhivery,Monsoon,4,10,0,0
Delhi,Chennai,4926,800,Delhivery,Winter,2,5,0,0
Bangalore,Ahmedabad,1982,800,Delhivery,Winter,9,2,0,0
Mumbai,Pune,1803,800,DHL,Winter,8,3,1,3
Kolkata,Jaipur,3228,800,DHL,Winter,5,8,0,0
Mumbai,Kolkata,4567,800,FedEx,Monsoon,5,9,0,0
Pune,Bangalore,2543,800,DHL,Winter,1,7,0,0
Mumbai,Hyderabad,2467,800,DHL,Winter,9,1,1,3
Mumbai,Lucknow,3110,800,BlueDart,Summer,10,6,1,4
Delhi,Ahmedabad,4376,800,BlueDart,Winter,8,7,1,4
Delhi,Lucknow,2743,800,DTDC,Autumn,5,6,0,0
Hyderabad,Ahmedabad,4490,800,FedEx,Summer,10,10,1,4
Ahmedabad,Delhi,4165,800,BlueDart,Monsoon,6,2,0,0
Kolkata,Hyderabad,229,800,FedEx,Autumn,10,9,1,4
Mumbai,Lucknow,2828,800,FedEx,Winter,10,3,1,3
Mumbai,Jaipur,1916,800,Delhivery,Summer,8,6,0,0
Bangalore,Pune,2621,800,FedEx,Winter,6,6,0,0
Delhi,Mumbai,2603,800,Delhivery,Summer,10,8,0,0
Kolkata,Chennai,105,1660,DTDC,Winter,4,4,1,3
Lucknow,Ahmedabad,998,800,DTDC,Autumn,3,6,1,3
Hyderabad,Pune,1122,800,DTDC,Monsoon,7,1,1,4
Ahmedabad,Hyderabad,2288,800,Delhivery,Autumn,2,9,1,3
Chennai,Jaipur,255,800,Delhivery,Autumn,7,9,0,0
Ahmedabad,Hyderabad,2168,800,DTDC,Monsoon,1,7,1,3
Pune,Bangalore,4339,800,Delhivery,Summer,10,1,0,0
Mumbai,Kolkata,3359,800,DHL,Summer,5,3,0,0
Hyderabad,Bangalore,2735,800,DHL,Monsoon,9,5,1,4
Pune,Mumbai,4087,800,Delhivery,Winter,1,4,0,0
Kolkata,Hyderabad,4908,800,Delhivery,Summer,8,5,1,4
Chennai,Mumbai,2676,800,BlueDart,Autumn,9,7,1,4
Delhi,Mumbai,3209,800,BlueDart,Monsoon,9,9,0,0
Hyderabad,Delhi,2764,800,FedEx,Autumn,8,1,1,3
Hyderabad,Chennai,1427,800,FedEx,Summer,4,5,0,0
Mumbai,Ahmedabad,664,800,FedEx,Monsoon,7,3,0,0
Jaipur,Pune,2452,800,DTDC,Monsoon,1,3,0,0
Hyderabad,Bangalore,120,800,DHL,Summer,7,2,0,0
Bangalore,Mumbai,99,800,DTDC,Summer,6,6,0,0
Chennai,Bangalore,772,350,Delhivery,Monsoon,5,6,0,0
Chennai,Bangalore,3182,350,BlueDart,Winter,1,3,1,1
Bangalore,Hyderabad,2189,800,Delhivery,Monsoon,8,1,0,0
Lucknow,Chennai,2514,800,Delhivery,Winter,10,7,1,4
Bangalore,Kolkata,1474,1900,BlueDart,Autumn,1,2,0,0
Bangalore,Lucknow,107,800,Delhivery,Winter,1,8,0,0
Chennai,Pune,302,800,FedEx,Winter,3,3,1,2
Ahmedabad,Chennai,1849,800,BlueDart,Summer,8,1,1,3
Chennai,Bangalore,1744,350,Delhivery,Monsoon,8,10,1,5
Jaipur,Hyderabad,2629,800,FedEx,Autumn,7,9,0,0
Mumbai,Chennai,4757,800,FedEx,Monsoon,5,5,0,0
Pune,Hyderabad,2206,800,DHL,Winter,8,1,0,0
Ahmedabad,Lucknow,3476,800,FedEx,Winter,2,10,0,0
Delhi,Ahmedabad,1916,800,DTDC,Winter,8,6,1,4
Pune,Chennai,1731,800,BlueDart,Monsoon,2,10,0,0
Mumbai,Hyderabad,3701,800,BlueDart,Winter,10,3,0,0
Jaipur,Hyderabad,1826,800,BlueDart,Monsoon,5,4,1,4
Jaipur,Bangalore,262,800,Delhivery,Autumn,4,8,1,3
Delhi,Jaipur,4237,800,Delhivery,Autumn,1,5,0,0
Ahmedabad,Chennai,3529,800,DTDC,Monsoon,5,6,0,0
Lucknow,Pune,1917,800,FedEx,Autumn,7,10,0,0
Bangalore,Chennai,1920,350,Delhivery,Summer,1,4,0,0
Ahmedabad,Pune,2531,800,FedEx,Winter,2,6,1,2
Lucknow,Jaipur,3859,800,FedEx,Winter,9,3,0,0
Jaipur,Chennai,1068,800,Delhivery,Winter,5,10,1,4
Chennai,Jaipur,3548,800,Delhivery,Summer,7,1,0,0
Mumbai,Chennai,2332,800,DTDC,Winter,2,6,1,2
Delhi,Pune,196,800,DHL,Monsoon,7,1,0,0
Mumbai,Chennai,958,800,BlueDart,Winter,7,10,1,4
Kolkata,Pune,2300,800,Delhivery,Monsoon,7,3,1,4
Kolkata,Ahmedabad,4369,800,Delhivery,Autumn,5,8,1,3
Ahmedabad,Delhi,4627,800,FedEx,Monsoon,9,7,1,5
Jaipur,Bangalore,4888,800,DHL,Monsoon,2,8,1,3
Jaipur,Hyderabad,4640,800,Delhivery,Monsoon,4,10,0,0
Bangalore,Kolkata,219,1900,DHL,Winter,2,10,1,3
Bangalore,Ahmedabad,2103,800,BlueDart,Summer,8,2,1,3
Bangalore,Mumbai,3548,800,FedEx,Summer,1,10,1,2
Chennai,Mumbai,1573,800,DTDC,Monsoon,9,7,1,5
Pune,Bangalore,35,800,BlueDart,Winter,5,4,0,0
Hyderabad,Jaipur,184,800,DHL,Summer,3,1,0,0
Pune,Jaipur,1344,800,DHL,Autumn,4,3,0,0
Mumbai,Kolkata,331,800,BlueDart,Autumn,1,5,1,2
Pune,Hyderabad,4160,800,DHL,Winter,3,10,0,0
Chennai,Jaipur,4057,800,DTDC,Autumn,8,8,1,4
Mumbai,Pune,3237,800,DTDC,Autumn,2,2,0,0
Pune,Ahmedabad,1882,800,DHL,Autumn,2,2,0,0
Chennai,Kolkata,2077,1660,DHL,Summer,9,8,1,4
Hyderabad,Lucknow,342,800,DTDC,Autumn,5,9,1,4
Pune,Hyderabad,3001,800,DHL,Monsoon,5,10,1,4
Chennai,Bangalore,920,350,Delhivery,Monsoon,1,1,1,2
Bangalore,Hyderabad,4506,800,FedEx,Autumn,6,2,0,0
Jaipur,Kolkata,959,800,Delhivery,Monsoon,8,4,1,4
Bangalore,Hyderabad,2085,800,DHL,Summer,6,3,0,0
Jaipur,Pune,2524,800,DHL,Winter,7,1,0,0
Delhi,Lucknow,3341,800,FedEx,Monsoon,4,4,0,0
Delhi,Lucknow,3039,800,DHL,Autumn,2,2,0,0
Delhi,Ahmedabad,110,800,FedEx,Winter,1,10,1,2
Hyderabad,Ahmedabad,4656,800,DTDC,Winter,6,5,1,3
Bangalore,Lucknow,2410,800,FedEx,Autumn,9,1,0,0
Jaipur,Chennai,3381,800,FedEx,Monsoon,10,8,1,5
Chennai,Ahmedabad,2353,800,Delhivery,Summer,5,10,0,0
Mumbai,Kolkata,362,800,DHL,Monsoon,2,2,1,3
Chennai,Mumbai,2965,800,DTDC,Monsoon,1,3,1,3
Mumbai,Pune,1028,800,BlueDart,Summer,3,3,0,0
Kolkata,Ahmedabad,1189,800,FedEx,Winter,4,4,0,0
Chennai,Lucknow,3546,800,BlueDart,Summer,7,7,1,3
Pune,Ahmedabad,3660,800,DHL,Summer,9,9,0,0
Pune,Ahmedabad,2512,800,FedEx,Autumn,8,3,1,3
Ahmedabad,Delhi,3829,800,BlueDart,Autumn,9,1,0,0
Bangalore,Lucknow,989,800,Delhivery,Monsoon,7,10,1,5
Mumbai,Lucknow,4844,800,BlueDart,Autumn,10,1,0,0
Mumbai,Ahmedabad,986,800,Delhivery,Summer,8,6,0,0
Bangalore,Chennai,1381,350,DTDC,Summer,8,5,0,0
Hyderabad,Mumbai,2290,800,DHL,Autumn,1,10,0,0
Ahmedabad,Chennai,4586,800,BlueDart,Autumn,9,7,1,4
Hyderabad,Bangalore,117,800,FedEx,Autumn,2,7,0,0
Hyderabad,Mumbai,982,800,DHL,Summer,7,3,0,0
Hyderabad,Bangalore,1636,800,BlueDart,Winter,10,7,1,4
Bangalore,Kolkata,713,1900,FedEx,Winter,10,9,1,5
Hyderabad,Jaipur,884,800,FedEx,Autumn,5,8,1,3
Pune,Lucknow,3819,800,FedEx,Monsoon,4,3,0,0
Delhi,Chennai,2421,800,FedEx,Monsoon,1,10,1,4
Kolkata,Ahmedabad,2117,800,BlueDart,Winter,1,5,1,2
Mumbai,Hyderabad,3563,800,DTDC,Autumn,3,8,0,0
Mumbai,Ahmedabad,1283,800,Delhivery,Summer,1,2,0,0
Kolkata,Chennai,569,1660,Delhivery,Monsoon,8,7,1,5
Bangalore,Ahmedabad,126,800,Delhivery,Monsoon,3,10,1,4
Chennai,Pune,4979,800,DTDC,Summer,10,10,1,5
Bangalore,Lucknow,3056,800,FedEx,Summer,2,7,1,2
Mumbai,Pune,53,800,FedEx,Autumn,6,8,0,0
Mumbai,Ahmedabad,518,800,DHL,Summer,4,1,1,2
Kolkata,Mumbai,3449,800,Delhivery,Summer,4,8,0,0
Hyderabad,Delhi,3938,800,Delhivery,Summer,2,1,0,0
Bangalore,Mumbai,4954,800,FedEx,Winter,2,3,0,0
Jaipur,Lucknow,926,800,Delhivery,Summer,6,9,0,0
Kolkata,Lucknow,2955,800,FedEx,Monsoon,5,4,0,0
Pune,Ahmedabad,808,800,FedEx,Autumn,9,10,1,4
Mumbai,Bangalore,4981,800,FedEx,Autumn,4,9,0,0
Kolkata,Ahmedabad,1770,800,BlueDart,Autumn,5,1,0,0
Bangalore,Kolkata,2343,1900,BlueDart,Winter,1,8,1,3
Mumbai,Delhi,3285,800,BlueDart,Monsoon,2,3,0,0
Chennai,Mumbai,828,800,BlueDart,Summer,3,7,0,0
Kolkata,Hyderabad,2178,800,DTDC,Monsoon,5,2,1,4
Ahmedabad,Delhi,3745,800,DHL,Autumn,5,7,0,0
Mumbai,Kolkata,3075,800,DHL,Summer,4,7,0,0
Bangalore,Mumbai,3269,800,FedEx,Autumn,10,9,1,4
Delhi,Kolkata,916,1500,Delhivery,Autumn,3,2,0,0
Jaipur,Hyderabad,4118,800,BlueDart,Autumn,9,8,0,0
Lucknow,Chennai,612,800,DHL,Monsoon,1,5,0,0
Hyderabad,Mumbai,4305,800,DHL,Monsoon,6,10,1,5
Lucknow,Ahmedabad,2643,800,BlueDart,Autumn,7,9,1,4
Bangalore,Delhi,1801,800,DTDC,Autumn,10,8,1,4
Pune,Lucknow,3537,800,DTDC,Summer,4,3,1,2
Pune,Bangalore,4553,800,DHL,Autumn,10,3,0,0
Delhi,Jaipur,1821,800,DTDC,Autumn,3,10,0,0
Hyderabad,Jaipur,3921,800,BlueDart,Autumn,8,8,1,4
Ahmedabad,Bangalore,850,800,DHL,Autumn,9,9,1,4
Delhi,Kolkata,3152,1500,BlueDart,Monsoon,1,2,0,0
Lucknow,Delhi,4695,800,DTDC,Autumn,10,3,1,4
Delhi,Kolkata,2100,1500,BlueDart,Winter,9,8,1,4
Lucknow,Jaipur,4625,800,DTDC,Autumn,7,2,1,3
Mumbai,Bangalore,1046,800,DTDC,Monsoon,1,8,0,0
Pune,Bangalore,734,800,BlueDart,Winter,7,5,0,0
Mumbai,Kolkata,997,800,DTDC,Winter,5,6,0,0
Jaipur,Kolkata,812,800,FedEx,Autumn,10,10,1,4
Hyderabad,Mumbai,2592,800,BlueDart,Autumn,7,4,0,0
Ahmedabad,Pune,3847,800,FedEx,Monsoon,9,3,1,4
Lucknow,Ahmedabad,536,800,BlueDart,Winter,8,8,1,4
Ahmedabad,Lucknow,1675,800,DTDC,Winter,6,9,1,4
Lucknow,Chennai,1148,800,DTDC,Monsoon,2,8,0,0
Bangalore,Ahmedabad,469,800,DHL,Autumn,8,9,1,4
Delhi,Bangalore,2562,800,DHL,Summer,4,1,0,0
Jaipur,Chennai,4430,800,FedEx,Summer,8,5,0,0
Pune,Delhi,4684,800,DTDC,Winter,7,7,0,0
Lucknow,Kolkata,2818,800,DHL,Winter,4,8,0,0
Ahmedabad,Pune,2908,800,DTDC,Autumn,8,2,0,0
Jaipur,Mumbai,3253,800,BlueDart,Summer,2,4,0,0
Chennai,Pune,4078,800,DHL,Winter,9,7,0,0
Chennai,Ahmedabad,2341,800,FedEx,Autumn,6,5,0,0
Mumbai,Ahmedabad,4580,800,DHL,Summer,7,1,0,0
Pune,Jaipur,3695,800,DTDC,Monsoon,10,2,1,5
Bangalore,Jaipur,641,800,Delhivery,Winter,1,5,0,0
Ahmedabad,Hyderabad,4808,800,Delhivery,Monsoon,3,6,0,0
Delhi,Chennai,2466,800,DTDC,Summer,10,1,0,0
Delhi,Hyderabad,991,800,BlueDart,Autumn,5,3,1,2
Ahmedabad,Delhi,4664,800,DHL,Autumn,7,6,1,3
Hyderabad,Kolkata,4327,800,Delhivery,Summer,1,6,0,0
Bangalore,Lucknow,1566,800,BlueDart,Monsoon,9,7,1,5
Jaipur,Mumbai,2215,800,DTDC,Autumn,5,10,1,4
Lucknow,Kolkata,4453,800,BlueDart,Winter,3,3,0,0
Hyderabad,Ahmedabad,4994,800,DTDC,Monsoon,7,1,1,4
Lucknow,Ahmedabad,3965,800,DHL,Monsoon,10,7,0,0
Lucknow,Jaipur,931,800,BlueDart,Winter,8,3,0,0
Hyderabad,Ahmedabad,414,800,DHL,Summer,10,5,1,4
Mumbai,Hyderabad,4782,800,BlueDart,Autumn,10,4,1,4
Chennai,Pune,4694,800,DTDC,Monsoon,3,1,0,0
Lucknow,Mumbai,1630,800,DTDC,Autumn,7,7,0,0
Hyderabad,Kolkata,2962,800,BlueDart,Autumn,7,4,0,0
Hyderabad,Delhi,3128,800,DTDC,Monsoon,4,1,0,0
Kolkata,Chennai,1604,1660,FedEx,Summer,10,6,1,4
Mumbai,Pune,575,800,FedEx,Monsoon,9,4,0,0
Pune,Kolkata,4809,800,DHL,Summer,1,4,0,0
Kolkata,Ahmedabad,2878,800,FedEx,Winter,1,2,0,0
Kolkata,Delhi,867,1500,FedEx,Summer,5,1,1,2
Ahmedabad,Bangalore,1294,800,Delhivery,Summer,3,3,0,0
Chennai,Pune,594,800,Delhivery,Monsoon,10,10,1,6
Hyderabad,Delhi,4337,800,Delhivery,Autumn,9,5,1,4
Chennai,Ahmedabad,1255,800,Delhivery,Autumn,5,9,1,4
Bangalore,Hyderabad,61,800,DTDC,Summer,7,7,0,0
Ahmedabad,Mumbai,2173,800,DHL,Summer,1,4,0,0
Pune,Chennai,547,800,DHL,Monsoon,2,8,0,0
Chennai,Delhi,550,800,FedEx,Summer,4,4,1,2
Delhi,Kolkata,824,1500,DHL,Monsoon,9,6,1,5
Lucknow,Mumbai,1425,800,FedEx,Winter,5,1,1,2
Bangalore,Delhi,2848,800,DHL,Summer,5,6,0,0
Mumbai,Jaipur,1662,800,BlueDart,Winter,9,10,1,4
Pune,Hyderabad,2675,800,BlueDart,Summer,8,5,0,0
Bangalore,Delhi,4524,800,DHL,Summer,2,2,0,0
Lucknow,Hyderabad,4072,800,DTDC,Winter,7,1,1,3
Ahmedabad,Lucknow,2366,800,FedEx,Winter,1,6,0,0
Lucknow,Ahmedabad,3820,800,DHL,Monsoon,10,2,0,0
Kolkata,Lucknow,873,800,FedEx,Monsoon,9,9,1,5
Lucknow,Kolkata,195,800,Delhivery,Winter,3,9,1,3
Kolkata,Pune,4366,800,DHL,Summer,2,1,0,0
Ahmedabad,Pune,1561,800,DTDC,Monsoon,4,5,1,4
Jaipur,Bangalore,2217,800,Delhivery,Summer,4,8,0,0
Kolkata,Pune,771,800,DHL,Autumn,3,4,0,0
Mumbai,Delhi,4329,800,BlueDart,Monsoon,2,3,0,0
Lucknow,Jaipur,1289,800,DHL,Monsoon,5,5,1,4
Lucknow,Hyderabad,4285,800,BlueDart,Monsoon,4,5,1,3
Mumbai,Hyderabad,4737,800,BlueDart,Autumn,5,8,1,3
Delhi,Pune,3704,800,DHL,Winter,8,6,1,3
Hyderabad,Kolkata,3291,800,DHL,Summer,2,2,0,0
Jaipur,Kolkata,1546,800,BlueDart,Autumn,9,1,1,3
Pune,Ahmedabad,3174,800,FedEx,Winter,10,3,0,0
Kolkata,Pune,2780,800,Delhivery,Monsoon,1,2,0,0
Mumbai,Chennai,1973,800,DTDC,Winter,8,4,1,3
Ahmedabad,Bangalore,3855,800,DHL,Winter,5,3,1,2
Kolkata,Bangalore,3445,1900,Delhivery,Winter,2,9,1,4
Hyderabad,Ahmedabad,4720,800,Delhivery,Summer,8,5,1,4
Ahmedabad,Hyderabad,571,800,FedEx,Winter,5,4,0,0
Bangalore,Chennai,2431,350,Delhivery,Winter,10,10,0,0
Lucknow,Bangalore,4727,800,DHL,Winter,10,9,0,0
Bangalore,Jaipur,2145,800,Delhivery,Winter,3,4,0,0
Kolkata,Jaipur,2071,800,DHL,Autumn,7,6,1,3
Hyderabad,Pune,2190,800,DHL,Autumn,4,10,1,3
Jaipur,Chennai,1970,800,BlueDart,Winter,10,1,0,0
Kolkata,Chennai,3889,1660,FedEx,Winter,6,2,0,0
Mumbai,Chennai,3289,800,DTDC,Winter,10,4,1,4
Chennai,Hyderabad,3894,800,BlueDart,Monsoon,8,9,1,5
Kolkata,Bangalore,3280,1900,DTDC,Winter,1,6,0,0
Lucknow,Pune,4697,800,DHL,Winter,2,6,0,0
Lucknow,Ahmedabad,592,800,BlueDart,Autumn,8,9,0,0
Kolkata,Bangalore,1623,1900,Delhivery,Autumn,7,4,1,4
Ahmedabad,Lucknow,1111,800,Delhivery,Autumn,10,3,1,4
Chennai,Hyderabad,298,800,DTDC,Summer,9,7,1,4
Mumbai,Lucknow,3869,800,DHL,Monsoon,2,7,1,3
Kolkata,Pune,3070,800,DTDC,Winter,8,9,1,4
Ahmedabad,Pune,2936,800,FedEx,Autumn,6,6,0,0
Lucknow,Hyderabad,4112,800,Delhivery,Summer,1,2,0,0
Lucknow,Delhi,1193,800,BlueDart,Winter,4,6,0,0
Hyderabad,Lucknow,4345,800,BlueDart,Winter,2,8,0,0
Kolkata,Ahmedabad,1456,800,BlueDart,Autumn,7,6,0,0
Chennai,Jaipur,1759,800,Delhivery,Winter,9,9,0,0
Delhi,Mumbai,1913,800,DHL,Winter,6,4,1,3
Chennai,Hyderabad,3185,800,Delhivery,Winter,4,3,0,0
Lucknow,Mumbai,1087,800,Delhivery,Autumn,5,5,1,3
Lucknow,Pune,2387,800,BlueDart,Summer,1,3,0,0
Bangalore,Jaipur,857,800,Delhivery,Winter,4,2,1,2
Lucknow,Mumbai,2886,800,BlueDart,Summer,10,2,1,3
Mumbai,Lucknow,1249,800,DHL,Winter,3,4,0,0
Pune,Delhi,1342,800,FedEx,Autumn,9,3,1,3
Kolkata,Lucknow,3516,800,BlueDart,Summer,6,9,0,0
Chennai,Mumbai,2389,800,DTDC,Autumn,4,7,0,0
Pune,Lucknow,4801,800,FedEx,Monsoon,3,6,1,3
Ahmedabad,Chennai,4132,800,DHL,Winter,4,10,1,3
Delhi,Lucknow,3247,800,FedEx,Monsoon,8,8,1,5
Mumbai,Pune,2375,800,BlueDart,Monsoon,5,9,1,4
Chennai,Ahmedabad,2422,800,DHL,Monsoon,1,3,1,3
Pune,Kolkata,3184,800,DTDC,Winter,5,10,0,0
Delhi,Lucknow,382,800,BlueDart,Autumn,8,7,1,4
Bangalore,Delhi,1959,800,BlueDart,Monsoon,4,9,0,0
Mumbai,Bangalore,254,800,DHL,Summer,2,1,1,1
Mumbai,Lucknow,1850,800,DHL,Winter,3,10,1,3
Bangalore,Chennai,3437,350,FedEx,Autumn,9,9,1,4
Kolkata,Jaipur,134,800,DTDC,Autumn,7,7,1,4
Bangalore,Lucknow,4642,800,FedEx,Monsoon,3,10,1,4
Mumbai,Jaipur,2763,800,FedEx,Winter,5,4,0,0
Mumbai,Kolkata,1929,800,BlueDart,Monsoon,3,6,0,0
Pune,Mumbai,1645,800,DHL,Summer,10,6,1,4
Lucknow,Chennai,1435,800,BlueDart,Autumn,4,6,0,0
Delhi,Lucknow,1550,800,DTDC,Autumn,8,2,1,3
Bangalore,Delhi,540,800,FedEx,Winter,3,5,1,2
Delhi,Chennai,4359,800,DTDC,Autumn,3,7,0,0
Bangalore,Jaipur,3113,800,DHL,Winter,8,6,0,0
Ahmedabad,Hyderabad,4766,800,DHL,Monsoon,10,3,0,0
Mumbai,Jaipur,1811,800,Delhivery,Summer,10,5,1,4
Lucknow,Ahmedabad,1046,800,DTDC,Winter,7,8,0,0
Pune,Kolkata,3738,800,BlueDart,Monsoon,7,5,0,0
Lucknow,Jaipur,4021,800,DTDC,Summer,10,10,1,5
Lucknow,Chennai,3473,800,FedEx,Autumn,2,3,0,0
Lucknow,Hyderabad,1152,800,DHL,Summer,7,9,0,0
Delhi,Bangalore,1765,800,DHL,Summer,10,3,0,0
Bangalore,Delhi,4850,800,DTDC,Summer,10,2,0,0
Jaipur,Delhi,1639,800,DTDC,Autumn,3,6,0,0
Ahmedabad,Pune,772,800,DTDC,Winter,7,8,0,0
Chennai,Delhi,4899,800,FedEx,Winter,4,6,1,3
Lucknow,Delhi,4849,800,FedEx,Summer,8,1,0,0
Kolkata,Lucknow,3967,800,BlueDart,Monsoon,8,8,1,5
Delhi,Pune,567,800,DTDC,Monsoon,6,1,0,0
Pune,Bangalore,4631,800,BlueDart,Summer,3,9,0,0
Chennai,Bangalore,849,350,Delhivery,Summer,6,8,0,0
Jaipur,Ahmedabad,12,800,FedEx,Monsoon,6,6,1,4
Kolkata,Hyderabad,1061,800,DHL,Summer,3,2,0,0
Jaipur,Hyderabad,1414,800,Delhivery,Summer,4,9,0,0
Chennai,Jaipur,166,800,DHL,Winter,2,8,1,2
Lucknow,Jaipur,1947,800,Delhivery,Winter,1,4,0,0
Kolkata,Mumbai,520,800,BlueDart,Summer,2,2,0,0
Jaipur,Bangalore,3414,800,BlueDart,Summer,7,6,1,3
Pune,Ahmedabad,4792,800,FedEx,Autumn,10,1,1,3
Bangalore,Ahmedabad,1147,800,DHL,Winter,5,7,1,3
Mumbai,Pune,3924,800,Delhivery,Summer,9,1,1,3
Bangalore,Jaipur,3331,800,DTDC,Autumn,3,6,0,0
Chennai,Ahmedabad,4676,800,DTDC,Autumn,2,5,0,0
Delhi,Chennai,724,800,FedEx,Autumn,4,10,0,0
Mumbai,Bangalore,2296,800,DHL,Autumn,2,3,1,2
Ahmedabad,Pune,2664,800,DTDC,Winter,7,6,0,0
Pune,Mumbai,1000,800,FedEx,Autumn,10,4,0,0
Ahmedabad,Bangalore,4439,800,FedEx,Winter,6,6,0,0
Kolkata,Chennai,2170,1660,DHL,Autumn,8,4,1,4
Mumbai,Delhi,4467,800,DTDC,Autumn,5,1,1,2
Ahmedabad,Kolkata,2154,800,DTDC,Monsoon,2,5,0,0
Ahmedabad,Bangalore,2073,800,DTDC,Winter,4,8,1,3
Jaipur,Delhi,2613,800,BlueDart,Monsoon,1,6,0,0
Bangalore,Chennai,1987,350,DTDC,Monsoon,2,10,0,0
Jaipur,Pune,385,800,Delhivery,Autumn,4,9,1,3
Mumbai,Ahmedabad,751,800,BlueDart,Winter,6,4,0,0
Mumbai,Pune,4495,800,BlueDart,Summer,4,10,0,0
Chennai,Ahmedabad,2677,800,BlueDart,Autumn,4,9,1,3
Jaipur,Hyderabad,1250,800,BlueDart,Winter,10,8,1,4
Hyderabad,Bangalore,3480,800,FedEx,Monsoon,10,3,1,4
Bangalore,Jaipur,4929,800,Delhivery,Winter,2,6,1,2
Mumbai,Pune,2377,800,DHL,Autumn,9,4,1,3
Chennai,Pune,2253,800,DTDC,Winter,10,1,1,3
Jaipur,Hyderabad,3559,800,BlueDart,Monsoon,8,9,1,5
Bangalore,Hyderabad,427,800,DHL,Winter,8,4,0,0
Jaipur,Pune,616,800,FedEx,Winter,5,5,1,3
Ahmedabad,Kolkata,577,800,DHL,Monsoon,3,3,0,0
Chennai,Lucknow,553,800,BlueDart,Autumn,6,4,0,0
Bangalore,Lucknow,893,800,Delhivery,Summer,9,9,1,4
Lucknow,Mumbai,4808,800,DHL,Monsoon,8,7,0,0
Kolkata,Ahmedabad,1233,800,BlueDart,Monsoon,7,8,1,4
Kolkata,Pune,2903,800,BlueDart,Autumn,8,3,0,0
Bangalore,Chennai,2078,350,DTDC,Autumn,4,3,0,0
Jaipur,Ahmedabad,3719,800,DTDC,Winter,6,7,0,0
Chennai,Pune,1796,800,Delhivery,Monsoon,5,8,0,0
Kolkata,Delhi,1467,1500,DTDC,Winter,2,5,1,3
Chennai,Pune,1924,800,Delhivery,Winter,8,1,0,0
Kolkata,Mumbai,87,800,FedEx,Autumn,3,3,0,0
Ahmedabad,Kolkata,3623,800,FedEx,Autumn,5,5,0,0
Jaipur,Lucknow,1318,800,DTDC,Winter,8,3,1,3
Ahmedabad,Pune,657,800,FedEx,Monsoon,9,1,0,0
Kolkata,Pune,2197,800,DHL,Monsoon,9,7,1,5
Lucknow,Delhi,562,800,DHL,Winter,5,1,0,0
Lucknow,Pune,291,800,DHL,Summer,2,10,0,0
Ahmedabad,Bangalore,1291,800,FedEx,Summer,7,6,0,0
Lucknow,Pune,1856,800,DHL,Autumn,7,6,0,0
Kolkata,Bangalore,2497,1900,Delhivery,Monsoon,8,7,1,6
Bangalore,Pune,2803,800,BlueDart,Winter,8,1,0,0
Ahmedabad,Delhi,3721,800,DTDC,Winter,5,3,0,0
Delhi,Kolkata,4209,1500,Delhivery,Monsoon,1,9,1,4
Jaipur,Hyderabad,4871,800,DHL,Autumn,4,2,0,0
Lucknow,Jaipur,2786,800,BlueDart,Autumn,4,5,1,2
Lucknow,Kolkata,1606,800,DTDC,Summer,3,3,0,0
Mumbai,Lucknow,489,800,Delhivery,Monsoon,8,5,0,0
Hyderabad,Kolkata,3322,800,DTDC,Monsoon,3,7,1,4
Ahmedabad,Jaipur,3228,800,FedEx,Winter,5,1,0,0
Pune,Mumbai,1973,800,DHL,Monsoon,2,3,1,3
Lucknow,Ahmedabad,2152,800,Delhivery,Summer,6,6,1,3
Jaipur,Chennai,3908,800,Delhivery,Monsoon,6,7,1,4
Delhi,Hyderabad,2082,800,BlueDart,Winter,8,10,1,4
Lucknow,Hyderabad,1305,800,BlueDart,Summer,8,3,1,3
Delhi,Hyderabad,948,800,BlueDart,Winter,1,4,0,0
Kolkata,Mumbai,771,800,DTDC,Monsoon,5,6,1,4
Kolkata,Lucknow,4759,800,DHL,Autumn,2,5,0,0
Hyderabad,Delhi,1679,800,DTDC,Monsoon,10,9,1,6
Bangalore,Lucknow,3872,800,DHL,Monsoon,5,1,0,0
Pune,Delhi,2695,800,Delhivery,Winter,10,5,0,0
Mumbai,Lucknow,3909,800,DTDC,Autumn,9,1,1,3
Hyderabad,Ahmedabad,1941,800,DTDC,Monsoon,4,8,1,4
Chennai,Lucknow,3949,800,DTDC,Summer,8,7,1,4
Mumbai,Ahmedabad,1136,800,FedEx,Summer,1,5,0,0
Ahmedabad,Hyderabad,3307,800,DHL,Winter,8,6,0,0
Jaipur,Delhi,4680,800,DHL,Winter,6,4,0,0
Chennai,Jaipur,1213,800,DTDC,Autumn,8,9,1,4
Chennai,Bangalore,4145,350,FedEx,Winter,6,3,0,0
Hyderabad,Pune,3782,800,DTDC,Autumn,3,2,1,2
Bangalore,Hyderabad,529,800,DHL,Monsoon,8,7,1,5
Hyderabad,Bangalore,2293,800,Delhivery,Summer,5,2,0,0
Ahmedabad,Mumbai,4568,800,FedEx,Summer,10,6,1,4
Lucknow,Pune,492,800,FedEx,Summer,5,8,0,0
Lucknow,Bangalore,2487,800,DTDC,Winter,7,3,1,3
Bangalore,Delhi,3103,800,Delhivery,Winter,6,3,0,0
Ahmedabad,Mumbai,352,800,DHL,Monsoon,9,3,0,0
Bangalore,Kolkata,1472,1900,BlueDart,Winter,7,1,0,0
Delhi,Jaipur,1212,800,DHL,Autumn,3,9,0,0
Lucknow,Bangalore,1631,800,DHL,Summer,5,5,1,3
Chennai,Mumbai,2408,800,Delhivery,Monsoon,9,9,1,5
Pune,Chennai,3606,800,FedEx,Autumn,10,5,1,4
Jaipur,Lucknow,3545,800,DHL,Autumn,2,7,1,2
Ahmedabad,Mumbai,2887,800,FedEx,Winter,1,1,0,0
Mumbai,Bangalore,2400,800,Delhivery,Winter,8,9,0,0
Bangalore,Lucknow,3361,800,Delhivery,Summer,8,1,1,3
Jaipur,Delhi,2923,800,DTDC,Monsoon,2,4,0,0
Mumbai,Chennai,1199,800,BlueDart,Autumn,8,7,0,0
Jaipur,Ahmedabad,2350,800,Delhivery,Winter,5,9,0,0
Pune,Bangalore,3590,800,Delhivery,Winter,2,1,0,0
Mumbai,Lucknow,1613,800,FedEx,Monsoon,7,6,0,0
Hyderabad,Ahmedabad,3307,800,Delhivery,Monsoon,7,10,1,5
Kolkata,Bangalore,607,1900,DHL,Winter,3,5,0,0
Hyderabad,Lucknow,654,800,DTDC,Winter,1,3,0,0
Lucknow,Mumbai,4553,800,DTDC,Summer,4,10,1,3
Kolkata,Bangalore,2912,1900,DHL,Monsoon,2,2,1,3
Hyderabad,Mumbai,773,800,Delhivery,Autumn,4,1,0,0
Kolkata,Delhi,4840,1500,BlueDart,Winter,8,2,1,3
Kolkata,Jaipur,1652,800,Delhivery,Winter,2,4,0,0
Chennai,Pune,2307,800,DTDC,Winter,1,6,0,0
Bangalore,Delhi,4706,800,BlueDart,Winter,3,5,0,0
Bangalore,Delhi,2182,800,FedEx,Summer,10,4,1,4
Chennai,Lucknow,2170,800,FedEx,Monsoon,7,8,1,4
Jaipur,Hyderabad,3759,800,Delhivery,Winter,6,7,1,3
Delhi,Hyderabad,2932,800,Delhivery,Monsoon,6,4,1,4
Jaipur,Hyderabad,589,800,BlueDart,Autumn,7,10,0,0
Mumbai,Lucknow,3814,800,BlueDart,Autumn,8,5,1,3
Mumbai,Pune,4888,800,Delhivery,Autumn,3,10,0,0
Kolkata,Lucknow,2378,800,DTDC,Autumn,3,5,1,3
Hyderabad,Chennai,3942,800,FedEx,Monsoon,10,3,0,0
Hyderabad,Delhi,4637,800,BlueDart,Autumn,8,9,0,0
Bangalore,Jaipur,3370,800,DTDC,Autumn,7,5,0,0
Ahmedabad,Chennai,4717,800,Delhivery,Winter,10,10,0,0
Jaipur,Lucknow,1110,800,DHL,Winter,5,2,0,0
Lucknow,Chennai,1680,800,BlueDart,Winter,4,4,1,2
Pune,Jaipur,2230,800,DHL,Summer,6,4,0,0
Hyderabad,Lucknow,4980,800,DTDC,Winter,9,5,1,4
Pune,Lucknow,226,800,FedEx,Autumn,6,8,0,0
Kolkata,Chennai,385,1660,DTDC,Monsoon,8,5,1,5
Pune,Mumbai,1619,800,FedEx,Autumn,1,1,0,0
Lucknow,Bangalore,4116,800,DTDC,Monsoon,6,2,1,4
Chennai,Lucknow,3849,800,BlueDart,Autumn,2,3,1,2
Lucknow,Chennai,2949,800,BlueDart,Summer,3,3,0,0
Pune,Kolkata,4072,800,DHL,Winter,6,10,0,0
Lucknow,Ahmedabad,1623,800,DTDC,Autumn,2,6,0,0
Delhi,Hyderabad,3689,800,DTDC,Winter,4,9,0,0
Kolkata,Chennai,4923,1660,DHL,Summer,6,10,1,4
Jaipur,Delhi,1306,800,Delhivery,Summer,5,1,0,0
Chennai,Delhi,4006,800,DTDC,Winter,6,6,1,3
Hyderabad,Chennai,4796,800,DTDC,Winter,6,9,1,4
Mumbai,Lucknow,1165,800,DTDC,Monsoon,8,4,1,4
Jaipur,Pune,4889,800,Delhivery,Winter,9,10,0,0
Mumbai,Chennai,2376,800,BlueDart,Winter,5,3,1,2
Kolkata,Lucknow,2901,800,DHL,Monsoon,6,6,0,0
Chennai,Hyderabad,1982,800,Delhivery,Autumn,6,6,1,3
Bangalore,Chennai,794,350,FedEx,Monsoon,6,2,1,3
Hyderabad,Kolkata,4502,800,FedEx,Autumn,2,5,0,0
Delhi,Kolkata,1091,1500,Delhivery,Autumn,4,1,0,0
Bangalore,Jaipur,2043,800,Delhivery,Autumn,1,9,0,0
Kolkata,Hyderabad,1624,800,BlueDart,Monsoon,1,9,0,0
Jaipur,Pune,4565,800,FedEx,Monsoon,1,3,1,3
Delhi,Lucknow,2426,800,DHL,Summer,7,5,0,0
Lucknow,Chennai,4651,800,DTDC,Autumn,1,3,0,0
Pune,Ahmedabad,3663,800,DTDC,Monsoon,6,7,1,4
Delhi,Bangalore,506,800,BlueDart,Summer,2,1,0,0
Kolkata,Ahmedabad,514,800,BlueDart,Autumn,6,5,0,0
Ahmedabad,Jaipur,3396,800,FedEx,Monsoon,6,6,1,4
Pune,Ahmedabad,2218,800,DHL,Monsoon,3,7,1,4
Mumbai,Pune,4823,800,DHL,Monsoon,8,3,1,4
Hyderabad,Jaipur,3226,800,Delhivery,Winter,4,7,1,3
Mumbai,Pune,3676,800,BlueDart,Summer,7,4,1,3
Delhi,Hyderabad,1418,800,DTDC,Monsoon,4,10,0,0
Mumbai,Pune,4374,800,DTDC,Winter,1,6,0,0
Kolkata,Bangalore,4087,1900,FedEx,Summer,6,5,1,4
Lucknow,Kolkata,1487,800,DTDC,Summer,5,4,1,3
Jaipur,Ahmedabad,4970,800,DHL,Winter,9,6,0,0
Hyderabad,Lucknow,2407,800,DHL,Summer,9,3,1,3
Mumbai,Bangalore,119,800,BlueDart,Winter,8,3,0,0
Mumbai,Kolkata,3564,800,FedEx,Autumn,7,5,0,0
Delhi,Pune,659,800,DTDC,Monsoon,2,5,0,0
Jaipur,Mumbai,1509,800,BlueDart,Winter,8,9,0,0
Bangalore,Delhi,605,800,Delhivery,Summer,3,4,0,0
Mumbai,Lucknow,988,800,Delhivery,Summer,6,5,1,3
Kolkata,Pune,740,800,DTDC,Autumn,10,9,0,0
Ahmedabad,Pune,66,800,DTDC,Autumn,7,4,0,0
Hyderabad,Ahmedabad,2253,800,DTDC,Autumn,6,3,1,3
Mumbai,Chennai,1711,800,DHL,Autumn,5,7,1,3
Kolkata,Bangalore,1296,1900,DTDC,Autumn,4,7,0,0
Kolkata,Delhi,121,1500,Delhivery,Monsoon,2,8,1,4
Hyderabad,Ahmedabad,4816,800,DTDC,Winter,9,4,1,4
Bangalore,Kolkata,1211,1900,FedEx,Autumn,7,4,0,0
Kolkata,Hyderabad,957,800,Delhivery,Autumn,7,9,1,4
Ahmedabad,Bangalore,4131,800,FedEx,Monsoon,4,10,1,4
Kolkata,Ahmedabad,767,800,Delhivery,Winter,5,7,0,0
Kolkata,Bangalore,3398,1900,BlueDart,Autumn,6,3,0,0
Kolkata,Jaipur,1851,800,Delhivery,Winter,2,9,1,3
Lucknow,Jaipur,3545,800,Delhivery,Winter,4,5,0,0
Lucknow,Chennai,2303,800,FedEx,Monsoon,4,4,0,0
Bangalore,Lucknow,1114,800,FedEx,Monsoon,4,1,0,0
Mumbai,Pune,671,800,Delhivery,Autumn,7,9,1,4
Kolkata,Bangalore,918,1900,Delhivery,Summer,7,6,1,4
Jaipur,Ahmedabad,4627,800,DHL,Monsoon,7,2,0,0
Mumbai,Delhi,1866,800,BlueDart,Winter,7,7,0,0
Bangalore,Chennai,2321,350,BlueDart,Winter,2,3,0,0
Chennai,Ahmedabad,799,800,DTDC,Autumn,5,6,0,0
Mumbai,Kolkata,181,800,Delhivery,Autumn,10,8,0,0
Mumbai,Pune,4370,800,Delhivery,Autumn,2,3,1,2
Pune,Bangalore,1996,800,Delhivery,Winter,5,5,0,0
Delhi,Mumbai,1895,800,Delhivery,Monsoon,6,6,0,0
Pune,Lucknow,485,800,BlueDart,Summer,3,1,0,0
Ahmedabad,Hyderabad,1059,800,FedEx,Monsoon,6,10,1,5
Lucknow,Pune,4139,800,DHL,Summer,5,7,0,0
Lucknow,Bangalore,2321,800,FedEx,Monsoon,4,4,0,0
Delhi,Jaipur,1171,800,FedEx,Autumn,10,10,1,4
Hyderabad,Delhi,825,800,BlueDart,Winter,9,7,0,0
Hyderabad,Chennai,3776,800,DHL,Summer,8,7,0,0
Bangalore,Chennai,2932,350,Delhivery,Monsoon,7,5,0,0
Delhi,Mumbai,763,800,BlueDart,Winter,1,8,1,2
Mumbai,Pune,4671,800,BlueDart,Summer,9,8,1,4
Hyderabad,Delhi,471,800,DHL,Summer,9,5,0,0
Kolkata,Chennai,3249,1660,DTDC,Winter,6,5,0,0
Jaipur,Lucknow,2712,800,BlueDart,Autumn,7,7,0,0
Mumbai,Ahmedabad,90,800,FedEx,Winter,3,6,0,0
Ahmedabad,Jaipur,2814,800,FedEx,Autumn,5,4,1,2
Kolkata,Delhi,879,1500,Delhivery,Monsoon,7,2,1,4
Kolkata,Pune,4704,800,BlueDart,Monsoon,1,8,0,0
Delhi,Ahmedabad,816,800,Delhivery,Winter,1,3,0,0
Bangalore,Lucknow,1944,800,BlueDart,Autumn,5,2,0,0
Ahmedabad,Pune,713,800,DHL,Monsoon,9,10,1,5
Hyderabad,Mumbai,2533,800,BlueDart,Autumn,7,7,0,0
Delhi,Jaipur,2649,800,DTDC,Autumn,1,10,1,3
Hyderabad,Bangalore,4592,800,FedEx,Autumn,5,6,1,3
Delhi,Bangalore,3919,800,DHL,Winter,8,8,1,4
Delhi,Chennai,4811,800,FedEx,Autumn,8,6,0,0
Delhi,Ahmedabad,1174,800,Delhivery,Winter,2,7,1,3
Bangalore,Chennai,629,350,DHL,Monsoon,7,2,0,0
Delhi,Hyderabad,3076,800,DTDC,Monsoon,10,10,0,0
Chennai,Ahmedabad,4882,800,FedEx,Summer,5,2,0,0
Jaipur,Pune,456,800,BlueDart,Summer,9,6,1,4
Hyderabad,Pune,2347,800,BlueDart,Monsoon,3,9,0,0
Mumbai,Jaipur,218,800,BlueDart,Autumn,1,3,0,0
Pune,Bangalore,2470,800,DHL,Autumn,4,10,0,0
Ahmedabad,Chennai,3452,800,DTDC,Monsoon,7,8,0,0
Lucknow,Hyderabad,2721,800,DTDC,Monsoon,1,5,0,0
Bangalore,Pune,2347,800,DTDC,Summer,2,6,0,0
Mumbai,Lucknow,1301,800,FedEx,Autumn,5,6,0,0
Kolkata,Mumbai,2208,800,DHL,Monsoon,9,10,1,5
Chennai,Jaipur,1410,800,BlueDart,Summer,1,3,0,0
Lucknow,Pune,4960,800,FedEx,Summer,4,5,0,0
Pune,Hyderabad,2665,800,DTDC,Autumn,3,1,0,0
Mumbai,Kolkata,4022,800,BlueDart,Summer,5,2,0,0
Lucknow,Bangalore,714,800,DHL,Summer,5,10,0,0
Mumbai,Chennai,835,800,Delhivery,Winter,10,3,1,4
Chennai,Ahmedabad,1014,800,DTDC,Monsoon,2,4,0,0
Pune,Jaipur,3470,800,DTDC,Autumn,5,9,0,0
Kolkata,Pune,386,800,DTDC,Monsoon,9,1,0,0
Delhi,Mumbai,982,800,DTDC,Winter,5,3,1,3
Hyderabad,Ahmedabad,4223,800,BlueDart,Autumn,10,3,0,0
Kolkata,Pune,3086,800,DHL,Monsoon,2,6,0,0
Delhi,Pune,453,800,FedEx,Summer,7,5,0,0
Bangalore,Lucknow,764,800,BlueDart,Autumn,6,3,0,0
Jaipur,Kolkata,3614,800,DHL,Winter,7,4,1,3
Ahmedabad,Mumbai,4745,800,FedEx,Summer,8,7,0,0
Ahmedabad,Delhi,2181,800,DTDC,Winter,10,3,0,0
Hyderabad,Chennai,2715,800,DHL,Summer,5,9,1,3
Pune,Kolkata,3475,800,DTDC,Monsoon,2,8,1,4
Chennai,Lucknow,2721,800,DHL,Monsoon,7,2,0,0
Pune,Mumbai,2417,800,Delhivery,Monsoon,7,5,1,4
Chennai,Bangalore,632,350,DTDC,Winter,8,4,0,0
Pune,Kolkata,1733,800,DTDC,Autumn,7,5,1,3
Jaipur,Bangalore,3332,800,DTDC,Monsoon,10,3,1,5
Bangalore,Kolkata,1929,1900,BlueDart,Winter,7,10,0,0
Bangalore,Chennai,928,350,FedEx,Summer,9,1,0,0
Delhi,Kolkata,4225,1500,DTDC,Monsoon,8,8,1,6
Lucknow,Mumbai,591,800,DTDC,Summer,2,9,0,0
Bangalore,Jaipur,3891,800,BlueDart,Monsoon,2,8,0,0
Bangalore,Kolkata,1696,1900,BlueDart,Summer,7,4,0,0
Kolkata,Pune,3919,800,Delhivery,Winter,10,2,0,0
Kolkata,Delhi,2009,1500,DHL,Monsoon,10,4,1,5
Delhi,Bangalore,2721,800,DTDC,Winter,3,9,0,0
Lucknow,Hyderabad,410,800,DHL,Winter,1,10,1,2
Hyderabad,Delhi,3658,800,BlueDart,Summer,9,9,0,0
Kolkata,Ahmedabad,2638,800,BlueDart,Monsoon,3,5,1,3
Hyderabad,Delhi,1666,800,Delhivery,Autumn,1,5,1,2
Mumbai,Kolkata,630,800,FedEx,Autumn,6,10,1,4
Kolkata,Pune,256,800,BlueDart,Winter,4,3,1,2
Jaipur,Pune,3349,800,DTDC,Summer,1,6,0,0
Lucknow,Bangalore,3020,800,Delhivery,Summer,4,7,0,0
Delhi,Lucknow,4729,800,FedEx,Summer,8,10,0,0
Mumbai,Bangalore,2378,800,Delhivery,Monsoon,7,9,1,5
Lucknow,Pune,4004,800,BlueDart,Monsoon,1,7,1,3
Jaipur,Pune,1849,800,FedEx,Summer,10,3,0,0
Lucknow,Chennai,2913,800,DHL,Autumn,9,7,1,4
Jaipur,Mumbai,4405,800,FedEx,Autumn,6,1,0,0
Jaipur,Mumbai,4508,800,DTDC,Monsoon,2,2,1,3
Hyderabad,Delhi,3701,800,DHL,Summer,3,4,0,0
Pune,Lucknow,3851,800,DHL,Autumn,7,7,1,3
Mumbai,Bangalore,4358,800,DTDC,Autumn,3,9,1,3
Lucknow,Delhi,1402,800,DHL,Monsoon,3,5,0,0
Chennai,Ahmedabad,3760,800,BlueDart,Monsoon,5,8,1,4
Mumbai,Pune,4265,800,FedEx,Autumn,3,7,0,0
Pune,Ahmedabad,3018,800,FedEx,Summer,3,5,0,0
Mumbai,Lucknow,4310,800,DTDC,Autumn,5,3,0,0
Bangalore,Ahmedabad,3348,800,BlueDart,Autumn,5,3,0,0
Chennai,Jaipur,3524,800,DHL,Summer,9,6,1,4
Pune,Hyderabad,4963,800,FedEx,Monsoon,1,10,0,0
Hyderabad,Delhi,769,800,FedEx,Summer,1,4,1,2
Lucknow,Mumbai,2778,800,FedEx,Summer,9,3,0,0
Ahmedabad,Kolkata,3098,800,FedEx,Summer,5,4,0,0
Pune,Lucknow,2125,800,Delhivery,Summer,4,3,0,0
Delhi,Jaipur,4238,800,DTDC,Monsoon,2,10,1,4
Lucknow,Chennai,1733,800,DHL,Autumn,9,6,0,0
Pune,Kolkata,2976,800,DHL,Winter,6,7,0,0
Bangalore,Hyderabad,439,800,DTDC,Monsoon,9,4,0,0
Ahmedabad,Hyderabad,2365,800,BlueDart,Summer,5,3,0,0
Bangalore,Chennai,2469,350,DTDC,Autumn,4,3,1,2
Ahmedabad,Kolkata,4202,800,FedEx,Autumn,7,3,0,0
Delhi,Bangalore,1728,800,FedEx,Summer,5,9,0,0
Lucknow,Mumbai,1275,800,DTDC,Monsoon,8,3,1,4
Hyderabad,Mumbai,1318,800,DTDC,Summer,8,3,1,3
Bangalore,Pune,1060,800,DHL,Autumn,2,8,0,0
Bangalore,Delhi,3483,800,DHL,Autumn,5,4,0,0
Jaipur,Chennai,2259,800,Delhivery,Monsoon,10,7,1,5
Ahmedabad,Kolkata,2819,800,Delhivery,Winter,8,3,0,0
Kolkata,Pune,2931,800,FedEx,Summer,3,8,0,0
Lucknow,Delhi,4686,800,Delhivery,Winter,7,3,0,0
Ahmedabad,Hyderabad,4051,800,Delhivery,Autumn,3,5,0,0
Jaipur,Mumbai,2427,800,BlueDart,Winter,6,1,0,0
Mumbai,Pune,542,800,DTDC,Summer,2,5,1,2
Ahmedabad,Lucknow,908,800,DHL,Summer,6,6,0,0
Hyderabad,Kolkata,2664,800,Delhivery,Autumn,6,7,1,3
Lucknow,Kolkata,1479,800,DHL,Monsoon,8,2,0,0
Jaipur,Chennai,2930,800,Delhivery,Monsoon,5,2,1,4
Mumbai,Chennai,1262,800,Delhivery,Autumn,1,9,0,0
Chennai,Lucknow,779,800,FedEx,Summer,8,10,1,4
Jaipur,Kolkata,843,800,BlueDart,Monsoon,9,1,1,4
Chennai,Jaipur,2219,800,DTDC,Winter,1,2,1,2
Lucknow,Jaipur,4659,800,DTDC,Autumn,5,2,1,3
Bangalore,Hyderabad,3434,800,FedEx,Winter,6,10,0,0
Jaipur,Lucknow,1101,800,FedEx,Summer,4,7,0,0
Delhi,Bangalore,1206,800,DTDC,Monsoon,2,6,1,4
Chennai,Lucknow,3924,800,DTDC,Summer,5,9,1,4
Hyderabad,Chennai,1670,800,BlueDart,Winter,4,7,0,0
Delhi,Ahmedabad,4664,800,Delhivery,Summer,7,3,1,3
Pune,Hyderabad,270,800,BlueDart,Summer,6,3,0,0
Pune,Hyderabad,2274,800,DTDC,Autumn,3,1,0,0
Mumbai,Bangalore,4910,800,Delhivery,Autumn,9,8,1,4
Bangalore,Pune,1195,800,DTDC,Summer,4,1,0,0
Lucknow,Hyderabad,2459,800,BlueDart,Autumn,5,2,0,0
Jaipur,Mumbai,3543,800,BlueDart,Summer,3,7,1,2
Kolkata,Delhi,4380,1500,BlueDart,Winter,8,1,0,0
Hyderabad,Pune,4311,800,Delhivery,Autumn,7,4,0,0
Chennai,Mumbai,3354,800,DHL,Summer,7,9,1,4
Lucknow,Mumbai,876,800,DHL,Autumn,8,8,1,4
Delhi,Mumbai,102,800,DTDC,Summer,7,8,1,4
Pune,Jaipur,3188,800,Delhivery,Autumn,3,3,0,0
Hyderabad,Chennai,1361,800,FedEx,Monsoon,3,5,0,0
Kolkata,Chennai,374,1660,DHL,Summer,2,4,0,0
Jaipur,Delhi,4926,800,Delhivery,Monsoon,1,8,1,4
Mumbai,Delhi,3728,800,Delhivery,Summer,5,7,0,0
Kolkata,Lucknow,1934,800,DHL,Monsoon,4,7,0,0
Hyderabad,Pune,3105,800,Delhivery,Summer,2,10,0,0
Kolkata,Chennai,2548,1660,Delhivery,Autumn,1,10,0,0
Hyderabad,Ahmedabad,1306,800,DHL,Monsoon,3,7,0,0
Hyderabad,Delhi,2286,800,BlueDart,Autumn,6,1,0,0
Ahmedabad,Pune,12,800,DTDC,Summer,2,7,0,0
Chennai,Delhi,3502,800,FedEx,Autumn,10,4,1,4
Pune,Jaipur,1763,800,DTDC,Summer,7,3,0,0
Ahmedabad,Jaipur,920,800,BlueDart,Autumn,7,5,0,0
Jaipur,Mumbai,316,800,BlueDart,Monsoon,3,2,1,3
Ahmedabad,Jaipur,4241,800,Delhivery,Summer,1,8,0,0
Bangalore,Delhi,4025,800,DTDC,Autumn,9,9,1,4
Bangalore,Ahmedabad,1448,800,BlueDart,Summer,5,5,1,3
Pune,Mumbai,882,800,DTDC,Summer,2,3,0,0
Kolkata,Hyderabad,1151,800,BlueDart,Summer,8,10,1,4
Chennai,Pune,675,800,FedEx,Winter,10,7,0,0
Pune,Mumbai,218,800,BlueDart,Summer,10,1,1,3
Hyderabad,Delhi,961,800,DTDC,Autumn,4,10,1,3
Delhi,Pune,1067,800,Delhivery,Winter,10,3,0,0
Chennai,Ahmedabad,4754,800,DTDC,Autumn,7,9,0,0
Chennai,Bangalore,4732,350,DHL,Winter,5,2,1,2
Hyderabad,Delhi,4630,800,DTDC,Summer,3,9,0,0
Hyderabad,Chennai,4018,800,FedEx,Monsoon,10,1,1,4
Mumbai,Chennai,1878,800,FedEx,Monsoon,8,4,1,4
Pune,Ahmedabad,4874,800,FedEx,Summer,2,10,0,0
Hyderabad,Jaipur,781,800,BlueDart,Winter,1,6,1,2
Bangalore,Delhi,4845,800,FedEx,Autumn,5,7,0,0
Jaipur,Ahmedabad,4040,800,DTDC,Monsoon,4,3,0,0
Delhi,Jaipur,531,800,Delhivery,Summer,10,9,1,5
Pune,Hyderabad,3365,800,FedEx,Summer,7,4,0,0
Lucknow,Hyderabad,1410,800,DTDC,Winter,9,5,1,4
Bangalore,Mumbai,3748,800,BlueDart,Monsoon,6,8,0,0
Kolkata,Chennai,4353,1660,BlueDart,Summer,1,3,1,2
Hyderabad,Mumbai,3733,800,Delhivery,Monsoon,8,8,0,0
Lucknow,Chennai,3257,800,Delhivery,Autumn,2,1,0,0
Hyderabad,Delhi,1868,800,DTDC,Summer,4,8,1,3
Chennai,Hyderabad,4791,800,Delhivery,Summer,3,10,0,0
Bangalore,Lucknow,4074,800,Delhivery,Autumn,6,8,0,0
Chennai,Bangalore,4691,350,BlueDart,Summer,2,6,0,0
Mumbai,Jaipur,2408,800,DTDC,Winter,5,5,0,0
Chennai,Bangalore,152,350,Delhivery,Autumn,9,9,1,4
Mumbai,Ahmedabad,2861,800,DTDC,Winter,3,6,1,3
Mumbai,Kolkata,3479,800,FedEx,Autumn,2,1,0,0
Lucknow,Pune,3705,800,BlueDart,Autumn,2,6,0,0
Hyderabad,Ahmedabad,727,800,BlueDart,Winter,9,1,1,3
Kolkata,Jaipur,652,800,BlueDart,Autumn,6,6,0,0
Chennai,Mumbai,3450,800,DHL,Monsoon,2,3,1,3
Bangalore,Ahmedabad,2558,800,DTDC,Winter,3,6,0,0
Mumbai,Delhi,3703,800,FedEx,Autumn,1,6,1,2
Hyderabad,Mumbai,379,800,Delhivery,Winter,2,1,0,0
Delhi,Jaipur,3660,800,FedEx,Autumn,2,9,1,3
Pune,Ahmedabad,796,800,DTDC,Autumn,2,8,0,0
Lucknow,Bangalore,959,800,BlueDart,Monsoon,7,2,0,0
Kolkata,Ahmedabad,531,800,DHL,Monsoon,3,2,1,3
Ahmedabad,Lucknow,2953,800,DTDC,Monsoon,4,5,0,0
Lucknow,Ahmedabad,364,800,DTDC,Autumn,2,10,0,0
Delhi,Chennai,2345,800,Delhivery,Monsoon,5,2,0,0
Pune,Hyderabad,1492,800,FedEx,Winter,9,1,0,0
Delhi,Kolkata,1657,1500,FedEx,Autumn,9,2,1,3
Chennai,Bangalore,3055,350,Delhivery,Winter,7,5,1,3
Mumbai,Lucknow,4641,800,DHL,Monsoon,8,10,1,5
Kolkata,Delhi,2225,1500,BlueDart,Autumn,5,7,0,0
Jaipur,Mumbai,4726,800,BlueDart,Winter,5,5,0,0
Mumbai,Bangalore,437,800,DHL,Summer,3,1,0,0
Jaipur,Ahmedabad,2547,800,Delhivery,Winter,6,7,1,3
Pune,Mumbai,554,800,DTDC,Autumn,1,6,1,2
Hyderabad,Ahmedabad,2774,800,FedEx,Summer,3,7,0,0
Ahmedabad,Pune,4929,800,DTDC,Monsoon,2,2,0,0
Bangalore,Lucknow,3775,800,FedEx,Monsoon,7,5,0,0
Mumbai,Jaipur,668,800,DTDC,Winter,9,8,1,4
Kolkata,Ahmedabad,2837,800,Delhivery,Monsoon,4,7,0,0
Delhi,Chennai,2068,800,Delhivery,Winter,7,6,1,4
Kolkata,Jaipur,3337,800,DHL,Winter,8,6,0,0
Pune,Ahmedabad,740,800,DTDC,Winter,10,1,1,3
Jaipur,Bangalore,1842,800,DTDC,Winter,2,1,0,0
Delhi,Lucknow,418,800,DHL,Autumn,7,7,0,0
Bangalore,Delhi,4189,800,DHL,Autumn,3,3,0,0
Bangalore,Chennai,3257,350,Delhivery,Summer,8,6,0,0
Mumbai,Bangalore,4812,800,Delhivery,Summer,6,5,0,0
Pune,Mumbai,143,800,DTDC,Monsoon,3,3,0,0
Hyderabad,Chennai,4893,800,Delhivery,Autumn,8,6,0,0
Pune,Kolkata,4969,800,Delhivery,Summer,3,3,0,0
Jaipur,Hyderabad,676,800,DTDC,Autumn,9,8,1,4
Kolkata,Hyderabad,286,800,DHL,Autumn,3,7,0,0
Bangalore,Mumbai,3317,800,DTDC,Monsoon,1,9,0,0
Kolkata,Bangalore,891,1900,BlueDart,Monsoon,2,5,1,4
Kolkata,Mumbai,2070,800,DTDC,Winter,4,1,1,2
Kolkata,Hyderabad,2092,800,BlueDart,Autumn,2,10,1,3
Bangalore,Hyderabad,1247,800,DTDC,Winter,4,8,0,0
Lucknow,Hyderabad,2462,800,BlueDart,Winter,4,2,0,0
Chennai,Jaipur,168,800,BlueDart,Winter,4,6,1,3
Jaipur,Mumbai,2606,800,DTDC,Autumn,1,1,1,2
Lucknow,Chennai,3825,800,Delhivery,Autumn,9,6,1,4
Jaipur,Mumbai,4384,800,FedEx,Winter,10,4,0,0
Delhi,Lucknow,2536,800,Delhivery,Autumn,7,5,0,0
Pune,Ahmedabad,120,800,BlueDart,Winter,2,10,1,3
Pune,Ahmedabad,551,800,DTDC,Summer,3,7,1,3
Ahmedabad,Kolkata,1148,800,DTDC,Autumn,8,6,0,0
Pune,Ahmedabad,3293,800,DTDC,Monsoon,7,1,0,0
Bangalore,Delhi,3620,800,DTDC,Monsoon,4,9,1,4
Hyderabad,Chennai,4465,800,FedEx,Winter,4,6,1,3
Mumbai,Pune,3567,800,DHL,Summer,9,6,0,0
Ahmedabad,Bangalore,2429,800,BlueDart,Autumn,5,9,0,0
Mumbai,Bangalore,1766,800,FedEx,Winter,5,10,0,0
Jaipur,Delhi,3096,800,Delhivery,Summer,7,5,1,3
Mumbai,Delhi,2316,800,DHL,Summer,1,6,0,0
Mumbai,Hyderabad,985,800,DHL,Autumn,3,6,0,0
Ahmedabad,Hyderabad,732,800,DTDC,Monsoon,2,7,0,0
Delhi,Ahmedabad,2580,800,FedEx,Monsoon,10,9,0,0
Kolkata,Lucknow,334,800,Delhivery,Summer,6,5,1,3
Pune,Chennai,1539,800,DTDC,Monsoon,6,5,0,0
Pune,Mumbai,1955,800,DTDC,Summer,10,4,1,4
Bangalore,Ahmedabad,4496,800,BlueDart,Summer,1,10,0,0
Ahmedabad,Kolkata,2440,800,DHL,Summer,6,4,0,0
Bangalore,Ahmedabad,4121,800,Delhivery,Monsoon,10,8,0,0
Hyderabad,Bangalore,3520,800,DHL,Winter,2,2,0,0
Hyderabad,Delhi,855,800,FedEx,Monsoon,4,10,1,4
Bangalore,Ahmedabad,4974,800,BlueDart,Winter,6,8,1,3
Ahmedabad,Mumbai,577,800,DTDC,Monsoon,3,2,1,3
Bangalore,Pune,3698,800,BlueDart,Autumn,3,1,0,0
Pune,Ahmedabad,2189,800,DTDC,Autumn,3,10,0,0
Lucknow,Ahmedabad,2029,800,BlueDart,Monsoon,4,9,1,4
Chennai,Mumbai,3329,800,DTDC,Autumn,9,8,1,4
Mumbai,Kolkata,2330,800,DHL,Autumn,4,6,0,0
Chennai,Pune,1656,800,DHL,Autumn,4,4,0,0
Ahmedabad,Lucknow,4013,800,DHL,Autumn,4,2,0,0
Chennai,Hyderabad,3919,800,DHL,Winter,7,8,1,3
Hyderabad,Delhi,3430,800,BlueDart,Summer,5,3,1,2
Jaipur,Ahmedabad,2541,800,DTDC,Winter,2,10,0,0
Mumbai,Delhi,366,800,DHL,Summer,7,4,0,0
Kolkata,Pune,3091,800,BlueDart,Summer,3,5,0,0
Ahmedabad,Hyderabad,2290,800,DTDC,Monsoon,1,4,0,0
Mumbai,Pune,4141,800,BlueDart,Monsoon,9,8,0,0
Chennai,Bangalore,2470,350,DHL,Monsoon,5,9,0,0
Hyderabad,Bangalore,2797,800,FedEx,Monsoon,10,1,0,0
Delhi,Pune,4219,800,BlueDart,Monsoon,1,2,0,0
Lucknow,Delhi,1207,800,DHL,Winter,1,4,1,2
Kolkata,Mumbai,1288,800,Delhivery,Winter,1,1,1,2
Lucknow,Jaipur,475,800,DTDC,Autumn,9,6,1,4
Mumbai,Lucknow,4010,800,DHL,Winter,8,5,0,0
Hyderabad,Pune,3358,800,Delhivery,Winter,6,7,0,0
Hyderabad,Pune,1497,800,BlueDart,Monsoon,10,6,1,5
Chennai,Bangalore,4952,350,BlueDart,Autumn,6,3,0,0
Pune,Delhi,4607,800,Delhivery,Winter,6,5,1,3
Chennai,Pune,4546,800,Delhivery,Winter,4,3,0,0
Pune,Lucknow,335,800,DTDC,Autumn,5,9,1,4
Pune,Mumbai,1775,800,BlueDart,Summer,10,2,1,3
Kolkata,Chennai,4172,1660,Delhivery,Monsoon,3,6,1,4
Chennai,Ahmedabad,313,800,FedEx,Winter,3,9,1,3
Delhi,Pune,4589,800,FedEx,Winter,10,10,1,4
Bangalore,Pune,1450,800,Delhivery,Autumn,7,7,0,0
Bangalore,Delhi,158,800,DTDC,Winter,5,5,1,3
Chennai,Kolkata,3044,1660,BlueDart,Monsoon,8,2,0,0
Chennai,Hyderabad,2641,800,FedEx,Winter,5,2,1,2
Lucknow,Mumbai,105,800,Delhivery,Summer,4,4,1,3
Kolkata,Mumbai,3465,800,Delhivery,Monsoon,3,10,0,0
Chennai,Bangalore,4387,350,DHL,Summer,2,2,0,0
Lucknow,Bangalore,2379,800,Delhivery,Autumn,3,8,0,0
Pune,Jaipur,3477,800,DTDC,Monsoon,7,10,1,5
Hyderabad,Lucknow,538,800,FedEx,Winter,8,7,1,4
Hyderabad,Mumbai,2320,800,DHL,Monsoon,5,7,1,4
Pune,Delhi,4685,800,FedEx,Monsoon,1,3,0,0
Ahmedabad,Delhi,1673,800,FedEx,Monsoon,3,7,1,4
Lucknow,Chennai,3374,800,DTDC,Summer,4,8,0,0
Lucknow,Delhi,2351,800,Delhivery,Autumn,10,5,0,0
Pune,Ahmedabad,4915,800,DTDC,Monsoon,4,1,1,3
Delhi,Lucknow,702,800,Delhivery,Winter,1,1,0,0
Jaipur,Ahmedabad,4340,800,DHL,Monsoon,10,4,1,5
Mumbai,Ahmedabad,961,800,DTDC,Monsoon,9,2,0,0
Pune,Mumbai,1370,800,DTDC,Autumn,10,7,0,0
Chennai,Lucknow,548,800,BlueDart,Winter,4,3,1,2
Chennai,Hyderabad,829,800,DTDC,Winter,2,4,0,0
Kolkata,Hyderabad,3172,800,BlueDart,Summer,9,9,1,4
Pune,Hyderabad,3935,800,Delhivery,Winter,4,2,1,2
Kolkata,Lucknow,281,800,Delhivery,Winter,4,8,0,0
Pune,Jaipur,1038,800,Delhivery,Winter,6,1,0,0
Lucknow,Pune,3675,800,BlueDart,Monsoon,8,3,0,0
Mumbai,Jaipur,1252,800,Delhivery,Summer,5,4,1,3
Lucknow,Mumbai,1151,800,FedEx,Winter,8,6,0,0
Jaipur,Mumbai,602,800,DTDC,Winter,1,1,1,2
Hyderabad,Jaipur,1615,800,BlueDart,Winter,4,8,0,0
Bangalore,Hyderabad,4220,800,Delhivery,Monsoon,1,2,0,0
Pune,Lucknow,3387,800,FedEx,Monsoon,3,5,1,3
Jaipur,Delhi,4081,800,DTDC,Summer,7,6,1,4
Hyderabad,Lucknow,4312,800,DTDC,Autumn,1,8,0,0
Ahmedabad,Jaipur,3704,800,Delhivery,Summer,5,3,0,0
Mumbai,Lucknow,2360,800,FedEx,Monsoon,1,9,0,0
Kolkata,Chennai,4217,1660,BlueDart,Winter,6,5,1,3
Kolkata,Mumbai,1450,800,Delhivery,Winter,9,8,0,0
Lucknow,Mumbai,3636,800,DTDC,Summer,3,4,1,2
Chennai,Hyderabad,1892,800,DTDC,Winter,6,9,0,0
Hyderabad,Delhi,3721,800,DTDC,Monsoon,4,8,0,0
Ahmedabad,Jaipur,194,800,Delhivery,Summer,6,5,0,0
Jaipur,Kolkata,230,800,DHL,Autumn,2,3,1,2
Mumbai,Hyderabad,3198,800,DHL,Monsoon,4,1,1,3
Hyderabad,Delhi,1103,800,DHL,Monsoon,7,5,0,0
Ahmedabad,Pune,2955,800,FedEx,Winter,6,5,1,3
Bangalore,Jaipur,2484,800,Delhivery,Monsoon,9,4,1,5
Pune,Mumbai,2625,800,DTDC,Monsoon,7,10,1,5
Kolkata,Delhi,2022,1500,FedEx,Autumn,1,10,1,3
Jaipur,Chennai,2500,800,DHL,Winter,6,8,1,3
Kolkata,Hyderabad,610,800,BlueDart,Monsoon,3,3,1,3
Jaipur,Delhi,1170,800,FedEx,Winter,8,10,0,0
Lucknow,Mumbai,4609,800,FedEx,Monsoon,1,9,0,0
Chennai,Lucknow,4323,800,Delhivery,Autumn,10,3,0,0
Jaipur,Mumbai,2745,800,FedEx,Winter,2,4,0,0
Kolkata,Chennai,2228,1660,Delhivery,Winter,3,6,1,3
Lucknow,Delhi,4717,800,BlueDart,Autumn,3,9,0,0
Jaipur,Chennai,1162,800,DTDC,Summer,7,10,1,4
Bangalore,Jaipur,66,800,DTDC,Monsoon,8,2,0,0
Chennai,Jaipur,1214,800,DHL,Monsoon,9,2,0,0
Jaipur,Lucknow,4351,800,DHL,Summer,7,2,0,0
Lucknow,Kolkata,153,800,BlueDart,Winter,8,5,0,0
Hyderabad,Pune,377,800,DTDC,Winter,6,6,0,0
Delhi,Chennai,1492,800,DHL,Autumn,2,3,0,0
Ahmedabad,Chennai,625,800,FedEx,Autumn,1,3,0,0
Delhi,Lucknow,3648,800,Delhivery,Autumn,3,2,0,0
Delhi,Mumbai,3338,800,DHL,Summer,9,6,0,0
Mumbai,Bangalore,3237,800,BlueDart,Summer,7,1,0,0
Bangalore,Hyderabad,1598,800,DTDC,Winter,2,9,0,0
Hyderabad,Bangalore,2499,800,BlueDart,Autumn,1,10,0,0
Pune,Delhi,3013,800,Delhivery,Winter,2,4,0,0
Jaipur,Mumbai,708,800,Delhivery,Summer,3,2,0,0
Ahmedabad,Bangalore,4981,800,BlueDart,Monsoon,6,6,1,4
Chennai,Mumbai,2833,800,DHL,Winter,9,5,0,0
Hyderabad,Mumbai,954,800,DHL,Summer,8,3,1,3
Kolkata,Mumbai,3891,800,DTDC,Autumn,10,3,0,0
Pune,Jaipur,932,800,DTDC,Monsoon,9,5,1,5
Mumbai,Chennai,1756,800,FedEx,Monsoon,8,4,1,4
Mumbai,Delhi,4130,800,FedEx,Monsoon,7,5,0,0
Hyderabad,Pune,2863,800,DTDC,Autumn,6,2,0,0
Lucknow,Bangalore,1569,800,FedEx,Monsoon,8,1,1,4
Delhi,Jaipur,1093,800,BlueDart,Summer,6,5,1,3
Kolkata,Chennai,3548,1660,DHL,Winter,2,1,0,0
Mumbai,Kolkata,443,800,FedEx,Monsoon,9,3,1,4
Ahmedabad,Kolkata,2936,800,FedEx,Monsoon,9,8,1,5
Mumbai,Ahmedabad,1099,800,BlueDart,Summer,3,8,0,0
Chennai,Pune,2967,800,Delhivery,Autumn,9,9,1,4
Jaipur,Chennai,2622,800,DTDC,Monsoon,2,1,0,0
Mumbai,Jaipur,4201,800,BlueDart,Summer,3,4,0,0
Chennai,Ahmedabad,3769,800,Delhivery,Summer,6,6,0,0
Hyderabad,Mumbai,4273,800,BlueDart,Autumn,4,7,0,0
Hyderabad,Mumbai,2099,800,DHL,Autumn,8,5,0,0
Pune,Lucknow,1912,800,BlueDart,Winter,1,7,1,2
Mumbai,Ahmedabad,2577,800,BlueDart,Monsoon,6,10,1,5
Ahmedabad,Jaipur,2008,800,DHL,Winter,2,8,0,0
Mumbai,Pune,3124,800,DTDC,Summer,6,10,1,4
Ahmedabad,Hyderabad,3004,800,Delhivery,Monsoon,1,6,1,3
Bangalore,Kolkata,2020,1900,FedEx,Summer,2,4,0,0
Pune,Ahmedabad,4854,800,DTDC,Summer,9,1,0,0
Bangalore,Lucknow,1901,800,BlueDart,Summer,6,5,0,0
Mumbai,Pune,840,800,FedEx,Autumn,8,10,0,0
Pune,Mumbai,58,800,DHL,Autumn,7,10,0,0
Bangalore,Lucknow,4220,800,DTDC,Monsoon,9,10,1,6
Delhi,Kolkata,1188,1500,Delhivery,Summer,9,4,1,4
Mumbai,Chennai,3043,800,DTDC,Summer,4,5,1,3
Bangalore,Kolkata,80,1900,DTDC,Monsoon,7,4,1,5
Delhi,Kolkata,76,1500,FedEx,Winter,5,9,0,0
Delhi,Bangalore,1787,800,DHL,Summer,7,3,0,0
Hyderabad,Mumbai,2238,800,DHL,Autumn,4,3,0,0
Mumbai,Delhi,1799,800,DTDC,Winter,10,10,1,5
Delhi,Jaipur,622,800,DHL,Winter,1,7,0,0
Hyderabad,Delhi,1896,800,FedEx,Winter,4,2,1,2
Bangalore,Hyderabad,1632,800,FedEx,Winter,10,9,1,4
Chennai,Kolkata,706,1660,Delhivery,Winter,3,8,1,4
Mumbai,Jaipur,1247,800,DHL,Winter,9,6,0,0
Pune,Delhi,2416,800,Delhivery,Monsoon,5,9,0,0
Ahmedabad,Lucknow,258,800,BlueDart,Monsoon,4,3,0,0
Ahmedabad,Pune,647,800,FedEx,Winter,8,4,1,3
Bangalore,Pune,959,800,DTDC,Autumn,5,7,1,3
Lucknow,Mumbai,1914,800,FedEx,Monsoon,3,1,0,0
Lucknow,Delhi,3597,800,BlueDart,Monsoon,2,1,0,0
Bangalore,Kolkata,1121,1900,DTDC,Winter,8,1,1,4
Delhi,Kolkata,185,1500,DHL,Autumn,2,8,0,0
Mumbai,Chennai,732,800,DHL,Winter,8,6,1,3
Ahmedabad,Pune,3852,800,FedEx,Autumn,5,3,0,0
Ahmedabad,Jaipur,3684,800,DTDC,Autumn,8,10,1,4
Delhi,Bangalore,4876,800,DTDC,Summer,5,7,0,0
Ahmedabad,Chennai,1957,800,Delhivery,Monsoon,1,6,0,0
Pune,Bangalore,712,800,BlueDart,Winter,2,5,1,2
Mumbai,Bangalore,2138,800,DHL,Monsoon,6,3,1,4
Jaipur,Hyderabad,936,800,FedEx,Monsoon,3,4,1,3
Ahmedabad,Chennai,4243,800,DTDC,Autumn,8,1,0,0
Bangalore,Ahmedabad,3514,800,DHL,Monsoon,5,9,0,0
Pune,Delhi,2527,800,FedEx,Summer,3,5,1,2
Ahmedabad,Chennai,2407,800,DHL,Winter,10,2,0,0
Pune,Hyderabad,1159,800,FedEx,Monsoon,7,9,0,0
Hyderabad,Kolkata,3390,800,DHL,Winter,8,7,1,4
Jaipur,Bangalore,1888,800,Delhivery,Monsoon,4,8,1,4
Kolkata,Jaipur,1263,800,BlueDart,Winter,9,3,1,3
Bangalore,Pune,1493,800,DHL,Winter,6,7,1,3
Bangalore,Chennai,319,350,BlueDart,Winter,1,1,0,0
Mumbai,Ahmedabad,3962,800,DHL,Monsoon,5,6,1,4
Pune,Chennai,3059,800,DTDC,Summer,5,10,1,4
Delhi,Hyderabad,1574,800,Delhivery,Winter,7,6,0,0
Bangalore,Hyderabad,1510,800,Delhivery,Autumn,7,10,1,4
Pune,Ahmedabad,4875,800,BlueDart,Autumn,6,6,1,3
Pune,Kolkata,25,800,DTDC,Autumn,8,3,0,0
Chennai,Bangalore,615,350,FedEx,Summer,2,6,1,2
Chennai,Hyderabad,1391,800,Delhivery,Winter,7,3,1,3
Kolkata,Pune,4918,800,DTDC,Summer,10,10,1,5
Hyderabad,Kolkata,3393,800,DTDC,Winter,7,9,0,0
Kolkata,Hyderabad,904,800,BlueDart,Summer,4,7,1,3
Ahmedabad,Lucknow,1577,800,DTDC,Winter,10,4,0,0
Delhi,Chennai,423,800,DTDC,Autumn,2,3,0,0
Ahmedabad,Hyderabad,4130,800,FedEx,Winter,4,6,0,0
Lucknow,Mumbai,2014,800,BlueDart,Summer,4,9,0,0
Ahmedabad,Kolkata,325,800,BlueDart,Winter,6,3,1,3
Mumbai,Jaipur,4676,800,DTDC,Monsoon,7,8,1,5
Ahmedabad,Kolkata,4830,800,FedEx,Winter,3,6,0,0
Kolkata,Lucknow,3065,800,DHL,Autumn,10,4,1,4
Bangalore,Ahmedabad,1859,800,Delhivery,Winter,1,5,0,0
Bangalore,Jaipur,1963,800,BlueDart,Monsoon,3,3,0,0
Chennai,Jaipur,398,800,FedEx,Monsoon,9,2,1,4
Delhi,Chennai,2779,800,FedEx,Monsoon,1,9,0,0
Delhi,Pune,4549,800,DTDC,Summer,8,3,0,0
Mumbai,Pune,3056,800,Delhivery,Monsoon,2,6,0,0
Kolkata,Ahmedabad,2425,800,BlueDart,Summer,6,5,0,0
Chennai,Pune,2399,800,DHL,Monsoon,3,10,1,4
Lucknow,Delhi,313,800,DTDC,Summer,7,8,1,4
Delhi,Lucknow,773,800,BlueDart,Monsoon,2,5,1,3
Bangalore,Mumbai,1983,800,BlueDart,Monsoon,4,8,1,4
Ahmedabad,Mumbai,825,800,FedEx,Winter,10,5,1,4
Ahmedabad,Bangalore,887,800,Delhivery,Monsoon,9,10,0,0
Chennai,Bangalore,4808,350,DHL,Winter,6,6,0,0
Kolkata,Mumbai,2336,800,Delhivery,Monsoon,4,5,0,0
Kolkata,Pune,2439,800,FedEx,Monsoon,2,2,0,0
Hyderabad,Chennai,2070,800,DHL,Winter,10,10,1,4
Jaipur,Delhi,4408,800,DHL,Winter,9,10,1,4
Delhi,Hyderabad,1589,800,DTDC,Summer,4,6,0,0
Kolkata,Ahmedabad,4265,800,DHL,Autumn,9,7,1,4
Bangalore,Lucknow,2211,800,BlueDart,Winter,2,3,0,0
Chennai,Kolkata,3607,1660,Delhivery,Summer,7,3,1,4
Lucknow,Delhi,1213,800,Delhivery,Monsoon,5,7,0,0
Hyderabad,Kolkata,2434,800,DTDC,Winter,8,10,0,0
Pune,Bangalore,3885,800,DHL,Winter,8,4,0,0
Mumbai,Bangalore,2833,800,FedEx,Monsoon,4,2,1,3
Lucknow,Mumbai,3295,800,BlueDart,Monsoon,4,9,1,4
Pune,Delhi,2073,800,DTDC,Monsoon,8,9,1,5
Ahmedabad,Hyderabad,1989,800,DHL,Monsoon,3,6,1,3
Mumbai,Jaipur,4358,800,FedEx,Autumn,7,2,0,0
Delhi,Chennai,3141,800,DHL,Winter,8,3,0,0
Bangalore,Lucknow,3102,800,DTDC,Monsoon,8,5,1,5
Mumbai,Lucknow,4836,800,FedEx,Monsoon,10,5,1,5
Jaipur,Delhi,3674,800,FedEx,Autumn,4,9,0,0
Pune,Jaipur,2346,800,FedEx,Winter,9,10,1,4
Delhi,Hyderabad,3624,800,FedEx,Summer,10,3,1,3
Jaipur,Chennai,507,800,DHL,Winter,4,2,1,2
Ahmedabad,Kolkata,3827,800,FedEx,Summer,8,10,1,4
Jaipur,Chennai,4653,800,DHL,Autumn,6,8,0,0
Hyderabad,Jaipur,141,800,FedEx,Monsoon,5,7,1,4
Hyderabad,Chennai,867,800,FedEx,Autumn,4,9,0,0
Chennai,Ahmedabad,530,800,DTDC,Winter,5,3,0,0
Lucknow,Delhi,39,800,DHL,Monsoon,1,6,0,0
Lucknow,Kolkata,3406,800,DHL,Winter,7,5,1,3
Delhi,Ahmedabad,4614,800,Delhivery,Summer,8,5,0,0
Ahmedabad,Kolkata,1270,800,DTDC,Winter,9,10,0,0
Kolkata,Delhi,1568,1500,DHL,Autumn,3,8,1,3
Hyderabad,Pune,25,800,DTDC,Autumn,9,1,0,0
Delhi,Kolkata,3615,1500,DTDC,Autumn,10,1,1,4
Kolkata,Jaipur,1617,800,DTDC,Monsoon,5,3,1,4
Lucknow,Ahmedabad,3527,800,BlueDart,Winter,10,2,0,0
Chennai,Pune,2026,800,DHL,Monsoon,6,2,1,3
Jaipur,Lucknow,3584,800,DTDC,Winter,1,2,0,0
Hyderabad,Mumbai,1753,800,BlueDart,Summer,9,4,1,3
Delhi,Ahmedabad,3801,800,BlueDart,Winter,9,1,0,0
Mumbai,Ahmedabad,3644,800,FedEx,Winter,6,10,1,4
Kolkata,Ahmedabad,1098,800,FedEx,Winter,8,9,1,4
Jaipur,Hyderabad,1371,800,DHL,Winter,4,5,0,0
Hyderabad,Pune,3382,800,FedEx,Summer,5,5,0,0
Lucknow,Hyderabad,4483,800,DHL,Monsoon,5,9,1,4
Ahmedabad,Mumbai,485,800,BlueDart,Autumn,7,5,0,0
Kolkata,Bangalore,1299,1900,BlueDart,Winter,7,8,1,4
Lucknow,Delhi,338,800,DHL,Autumn,7,1,0,0
Hyderabad,Ahmedabad,4054,800,FedEx,Autumn,5,1,0,0
Kolkata,Jaipur,1849,800,FedEx,Autumn,4,4,0,0
Jaipur,Bangalore,1196,800,DHL,Autumn,8,8,1,4
Hyderabad,Jaipur,4543,800,Delhivery,Winter,1,3,0,0
Pune,Jaipur,3424,800,FedEx,Autumn,1,1,0,0
Delhi,Hyderabad,3546,800,DTDC,Winter,6,9,0,0
Jaipur,Pune,1783,800,FedEx,Summer,2,9,1,3
Kolkata,Ahmedabad,2073,800,Delhivery,Monsoon,3,9,1,4
Ahmedabad,Kolkata,1854,800,BlueDart,Monsoon,4,9,1,4
Lucknow,Jaipur,4973,800,BlueDart,Winter,2,2,0,0
Mumbai,Pune,2568,800,BlueDart,Winter,10,4,1,4
Lucknow,Pune,1272,800,FedEx,Monsoon,7,2,1,4
Kolkata,Mumbai,3301,800,BlueDart,Autumn,10,7,1,4
Lucknow,Delhi,1028,800,Delhivery,Winter,1,3,1,2
Delhi,Jaipur,1799,800,Delhivery,Autumn,3,9,1,3
Hyderabad,Lucknow,3534,800,FedEx,Winter,2,7,0,0
Mumbai,Kolkata,3514,800,DTDC,Winter,9,8,1,4
Bangalore,Lucknow,816,800,FedEx,Summer,8,9,1,4
Kolkata,Chennai,2676,1660,BlueDart,Summer,3,8,1,3
Chennai,Lucknow,414,800,FedEx,Monsoon,5,7,0,0
Bangalore,Pune,603,800,Delhivery,Summer,3,9,0,0
Lucknow,Delhi,3959,800,FedEx,Summer,6,1,0,0
Kolkata,Lucknow,4117,800,FedEx,Monsoon,5,4,0,0
Pune,Chennai,3290,800,DTDC,Autumn,2,4,1,2
Chennai,Jaipur,2222,800,Delhivery,Summer,10,5,0,0
Mumbai,Pune,1552,800,DHL,Autumn,8,8,1,4
Ahmedabad,Pune,623,800,DHL,Monsoon,6,10,0,0
Pune,Jaipur,878,800,Delhivery,Winter,3,1,1,2
Bangalore,Mumbai,821,800,DHL,Autumn,1,6,1,2
Hyderabad,Kolkata,1832,800,BlueDart,Monsoon,5,9,1,4
Delhi,Bangalore,4872,800,DHL,Autumn,2,10,0,0
Ahmedabad,Delhi,4187,800,BlueDart,Monsoon,2,8,1,3
Pune,Mumbai,1754,800,Delhivery,Monsoon,9,2,1,4
Hyderabad,Kolkata,2266,800,DHL,Winter,10,7,1,4
Hyderabad,Delhi,4052,800,DHL,Autumn,7,5,0,0
Kolkata,Chennai,3677,1660,BlueDart,Winter,6,2,0,0
Pune,Bangalore,531,800,BlueDart,Winter,1,1,0,0
Mumbai,Chennai,1535,800,FedEx,Autumn,10,2,1,3
Lucknow,Delhi,1479,800,DTDC,Autumn,2,10,0,0
Chennai,Ahmedabad,2685,800,DHL,Monsoon,7,6,1,4
Chennai,Delhi,1523,800,DTDC,Autumn,3,8,1,3
Bangalore,Jaipur,4886,800,DTDC,Monsoon,2,3,0,0
Bangalore,Jaipur,1461,800,DHL,Monsoon,6,5,0,0
Chennai,Hyderabad,4664,800,BlueDart,Monsoon,8,2,0,0
Mumbai,Pune,3440,800,FedEx,Monsoon,8,8,0,0
Delhi,Kolkata,3017,1500,Delhivery,Monsoon,2,4,1,4
Jaipur,Mumbai,3134,800,DHL,Monsoon,6,10,0,0
Lucknow,Delhi,1763,800,DHL,Autumn,5,6,0,0
Delhi,Kolkata,4965,1500,Delhivery,Autumn,7,3,1,4
Kolkata,Mumbai,1622,800,DTDC,Summer,4,8,1,3
Jaipur,Pune,3285,800,FedEx,Autumn,2,8,0,0
Jaipur,Lucknow,565,800,DTDC,Winter,10,3,1,4
Pune,Chennai,4261,800,Delhivery,Summer,3,9,1,3
Mumbai,Chennai,2059,800,Delhivery,Autumn,9,10,0,0
Mumbai,Bangalore,834,800,FedEx,Winter,10,5,0,0
Jaipur,Kolkata,2859,800,Delhivery,Autumn,8,10,1,4
Pune,Bangalore,3040,800,Delhivery,Monsoon,9,9,1,5
Lucknow,Ahmedabad,1091,800,FedEx,Summer,5,7,1,3
Jaipur,Hyderabad,3335,800,DHL,Monsoon,5,10,1,4
Ahmedabad,Mumbai,502,800,DTDC,Summer,7,3,0,0
Bangalore,Jaipur,4774,800,DHL,Summer,7,6,0,0
Bangalore,Delhi,84,800,DHL,Monsoon,1,10,0,0
Delhi,Hyderabad,3001,800,DTDC,Summer,5,2,1,3
Kolkata,Lucknow,3370,800,DHL,Summer,8,6,1,3
Bangalore,Jaipur,380,800,FedEx,Autumn,7,5,1,3
Hyderabad,Delhi,4692,800,DTDC,Winter,2,3,0,0
Delhi,Lucknow,338,800,BlueDart,Monsoon,8,7,1,5
Bangalore,Hyderabad,4695,800,DHL,Autumn,2,4,0,0
Kolkata,Ahmedabad,1800,800,Delhivery,Autumn,10,6,0,0
Mumbai,Chennai,786,800,DTDC,Monsoon,1,9,0,0
Mumbai,Chennai,2032,800,BlueDart,Summer,3,6,0,0
Lucknow,Pune,4684,800,Delhivery,Monsoon,3,4,0,0
Jaipur,Delhi,4326,800,BlueDart,Winter,6,10,0,0
Ahmedabad,Delhi,1197,800,DHL,Winter,3,2,0,0
Mumbai,Hyderabad,1513,800,Delhivery,Monsoon,7,9,1,5
Pune,Hyderabad,3301,800,DHL,Autumn,8,4,1,3
Bangalore,Delhi,3335,800,Delhivery,Monsoon,3,4,1,3
Pune,Kolkata,197,800,DTDC,Winter,9,2,1,3
Kolkata,Pune,1224,800,FedEx,Monsoon,1,5,0,0
Mumbai,Jaipur,3296,800,FedEx,Summer,3,6,0,0
Ahmedabad,Pune,3456,800,BlueDart,Monsoon,3,10,1,4
Kolkata,Jaipur,1119,800,Delhivery,Autumn,7,6,1,4
Hyderabad,Lucknow,2531,800,DHL,Summer,5,3,1,2
Hyderabad,Kolkata,4949,800,DTDC,Winter,4,9,1,3
Pune,Kolkata,3889,800,DTDC,Monsoon,2,7,1,4
Jaipur,Chennai,540,800,DTDC,Autumn,7,3,1,3
Delhi,Lucknow,1080,800,FedEx,Autumn,3,4,0,0
Jaipur,Kolkata,3146,800,DHL,Winter,7,7,0,0
Lucknow,Delhi,972,800,DTDC,Monsoon,10,8,1,5
Jaipur,Pune,1415,800,DTDC,Autumn,7,6,0,0
Lucknow,Ahmedabad,3147,800,BlueDart,Summer,2,4,0,0
Lucknow,Pune,526,800,Delhivery,Monsoon,7,2,1,4
Ahmedabad,Bangalore,3174,800,Delhivery,Winter,6,10,0,0
Mumbai,Kolkata,1501,800,Delhivery,Summer,10,8,1,4
Ahmedabad,Kolkata,3699,800,BlueDart,Monsoon,4,1,1,3
Lucknow,Hyderabad,4238,800,FedEx,Autumn,5,9,0,0
Kolkata,Mumbai,4419,800,BlueDart,Winter,8,8,0,0
Hyderabad,Chennai,600,800,DTDC,Winter,5,3,0,0
Lucknow,Kolkata,1553,800,DHL,Monsoon,3,10,0,0
Ahmedabad,Pune,3066,800,DTDC,Winter,2,4,0,0
Kolkata,Hyderabad,2216,800,DTDC,Summer,6,10,1,4
Ahmedabad,Mumbai,3349,800,DHL,Monsoon,6,4,0,0
Jaipur,Ahmedabad,2718,800,Delhivery,Summer,7,2,0,0
Bangalore,Jaipur,4039,800,BlueDart,Winter,8,10,1,4
Pune,Ahmedabad,757,800,FedEx,Winter,4,5,0,0
Delhi,Kolkata,810,1500,DTDC,Winter,8,3,1,4
Ahmedabad,Jaipur,1507,800,DTDC,Summer,1,1,0,0
Delhi,Hyderabad,1389,800,FedEx,Winter,6,2,0,0
Chennai,Lucknow,689,800,BlueDart,Monsoon,6,7,1,4
Ahmedabad,Kolkata,3780,800,DTDC,Autumn,3,1,0,0
Bangalore,Mumbai,3352,800,FedEx,Monsoon,9,2,0,0
Delhi,Lucknow,906,800,DTDC,Autumn,5,10,0,0
Lucknow,Kolkata,1556,800,Delhivery,Winter,1,7,1,2
Ahmedabad,Hyderabad,3136,800,Delhivery,Monsoon,7,1,1,4
Mumbai,Kolkata,693,800,DTDC,Summer,10,7,0,0
Pune,Hyderabad,1305,800,DTDC,Autumn,3,8,1,3
Bangalore,Jaipur,1395,800,Delhivery,Summer,10,2,1,4
Delhi,Chennai,952,800,DTDC,Autumn,10,4,0,0
Bangalore,Hyderabad,3290,800,BlueDart,Winter,4,7,1,3
Kolkata,Delhi,1043,1500,BlueDart,Monsoon,6,1,1,4
Pune,Delhi,2796,800,DHL,Autumn,8,6,1,3
Lucknow,Ahmedabad,2243,800,BlueDart,Monsoon,4,5,1,3
Ahmedabad,Hyderabad,3655,800,DTDC,Autumn,9,6,1,4
Ahmedabad,Chennai,1630,800,DTDC,Autumn,8,8,1,4
Ahmedabad,Kolkata,3545,800,FedEx,Winter,10,1,1,3
Pune,Mumbai,3215,800,BlueDart,Autumn,10,3,0,0
Mumbai,Pune,2892,800,Delhivery,Summer,6,9,1,4
Chennai,Jaipur,4914,800,Delhivery,Autumn,7,8,0,0
Hyderabad,Lucknow,180,800,DHL,Autumn,8,4,1,3
Jaipur,Pune,1563,800,FedEx,Autumn,2,10,0,0
Delhi,Hyderabad,3907,800,Delhivery,Winter,5,9,0,0
Mumbai,Chennai,1605,800,DHL,Monsoon,7,7,1,4
Lucknow,Jaipur,1633,800,BlueDart,Monsoon,8,2,0,0
Delhi,Ahmedabad,4132,800,FedEx,Winter,5,1,1,2
Ahmedabad,Kolkata,1101,800,FedEx,Summer,3,1,0,0
Bangalore,Chennai,2847,350,DTDC,Summer,6,3,0,0
Lucknow,Hyderabad,417,800,BlueDart,Winter,5,10,0,0
Delhi,Chennai,4179,800,FedEx,Monsoon,8,2,1,4
Ahmedabad,Hyderabad,689,800,DHL,Summer,9,4,0,0
Delhi,Kolkata,4954,1500,Delhivery,Winter,9,8,1,5
Bangalore,Delhi,4975,800,BlueDart,Monsoon,6,5,0,0
Ahmedabad,Jaipur,246,800,BlueDart,Summer,4,5,1,2
Chennai,Kolkata,2784,1660,FedEx,Summer,4,6,0,0
Mumbai,Lucknow,3447,800,FedEx,Winter,9,5,1,3
Kolkata,Pune,3367,800,FedEx,Monsoon,4,5,0,0
Jaipur,Delhi,2887,800,DHL,Summer,8,7,0,0
Pune,Chennai,2433,800,DTDC,Winter,9,6,1,4
Jaipur,Kolkata,4724,800,FedEx,Summer,5,10,0,0
Lucknow,Bangalore,3157,800,DTDC,Monsoon,6,2,0,0
Jaipur,Lucknow,1042,800,DTDC,Autumn,3,1,1,2
Ahmedabad,Kolkata,2864,800,BlueDart,Summer,5,1,1,2
Chennai,Delhi,2950,800,Delhivery,Monsoon,5,4,1,4
Kolkata,Bangalore,3711,1900,Delhivery,Summer,2,2,1,3
Mumbai,Lucknow,4080,800,DHL,Autumn,10,6,0,0
Mumbai,Pune,3142,800,DHL,Autumn,6,9,1,3
Bangalore,Delhi,3470,800,Delhivery,Summer,9,10,1,4
Pune,Lucknow,4952,800,Delhivery,Winter,7,10,1,4
Delhi,Kolkata,1933,1500,BlueDart,Summer,8,8,0,0
Chennai,Lucknow,643,800,BlueDart,Monsoon,2,4,0,0
Delhi,Bangalore,4113,800,Delhivery,Winter,9,2,0,0
Kolkata,Chennai,1402,1660,FedEx,Monsoon,3,1,1,3
Jaipur,Kolkata,3456,800,FedEx,Monsoon,10,7,1,5
Mumbai,Bangalore,3108,800,BlueDart,Winter,5,10,1,3
Kolkata,Mumbai,4954,800,DTDC,Autumn,7,3,0,0
Jaipur,Ahmedabad,71,800,Delhivery,Monsoon,4,6,1,4
Mumbai,Delhi,2479,800,DHL,Summer,7,5,1,3
Jaipur,Pune,1827,800,FedEx,Autumn,8,5,0,0
Pune,Bangalore,642,800,DTDC,Autumn,10,2,1,4
Chennai,Ahmedabad,4897,800,FedEx,Winter,10,9,0,0
Lucknow,Ahmedabad,2608,800,DTDC,Summer,4,4,0,0
Kolkata,Mumbai,3461,800,Delhivery,Summer,5,10,1,4
Kolkata,Ahmedabad,1310,800,Delhivery,Autumn,3,1,0,0
Hyderabad,Pune,2663,800,Delhivery,Monsoon,5,2,1,4
Ahmedabad,Hyderabad,1464,800,BlueDart,Monsoon,8,9,0,0
Pune,Chennai,1148,800,DTDC,Summer,3,7,0,0
Pune,Mumbai,3202,800,DHL,Autumn,5,10,0,0
Delhi,Lucknow,4630,800,DHL,Autumn,10,2,0,0
Jaipur,Chennai,2220,800,Delhivery,Autumn,1,7,0,0
Ahmedabad,Pune,4892,800,DHL,Winter,2,4,0,0
Chennai,Pune,3769,800,FedEx,Summer,3,10,0,0
Chennai,Delhi,3039,800,DTDC,Summer,1,2,0,0
Pune,Mumbai,1370,800,DTDC,Monsoon,9,4,1,5
Chennai,Jaipur,2436,800,DTDC,Monsoon,9,5,1,5
Hyderabad,Jaipur,4278,800,FedEx,Summer,5,4,1,2
Kolkata,Pune,73,800,BlueDart,Summer,4,3,0,0
Bangalore,Jaipur,1355,800,FedEx,Monsoon,5,6,0,0
Lucknow,Bangalore,984,800,DTDC,Summer,4,1,0,0
Delhi,Bangalore,4171,800,DTDC,Monsoon,5,8,0,0
Jaipur,Ahmedabad,3638,800,DTDC,Summer,7,5,1,3
Lucknow,Pune,1632,800,DHL,Winter,8,8,1,4
Jaipur,Mumbai,467,800,BlueDart,Winter,2,10,1,3
Mumbai,Lucknow,3340,800,FedEx,Autumn,4,4,0,0
Lucknow,Chennai,1750,800,DTDC,Summer,8,4,1,3
Bangalore,Kolkata,3036,1900,Delhivery,Monsoon,7,5,1,5
Pune,Bangalore,1964,800,BlueDart,Summer,9,5,1,3
Hyderabad,Ahmedabad,289,800,Delhivery,Summer,5,6,1,3
Kolkata,Mumbai,2401,800,BlueDart,Autumn,6,5,1,3
Kolkata,Ahmedabad,1050,800,DTDC,Monsoon,8,5,1,5
Hyderabad,Delhi,971,800,BlueDart,Summer,5,8,1,3
Ahmedabad,Lucknow,3855,800,BlueDart,Monsoon,9,6,0,0
Mumbai,Bangalore,1227,800,DTDC,Summer,4,2,1,2
Jaipur,Ahmedabad,3230,800,Delhivery,Autumn,8,4,1,3
Bangalore,Mumbai,384,800,Delhivery,Monsoon,3,4,0,0
Chennai,Pune,4140,800,DHL,Summer,5,5,1,3
Lucknow,Kolkata,1402,800,Delhivery,Winter,8,6,0,0
Mumbai,Jaipur,2086,800,Delhivery,Monsoon,10,5,0,0
Lucknow,Chennai,784,800,BlueDart,Autumn,7,6,0,0
Bangalore,Pune,4326,800,DHL,Winter,1,8,0,0
Delhi,Ahmedabad,3434,800,DTDC,Monsoon,4,4,1,4
Delhi,Hyderabad,2133,800,DTDC,Monsoon,2,3,1,3
Mumbai,Kolkata,4599,800,FedEx,Monsoon,2,9,1,4
Pune,Ahmedabad,3603,800,DHL,Monsoon,7,3,1,4
Bangalore,Hyderabad,289,800,BlueDart,Summer,3,8,1,3
Bangalore,Hyderabad,4851,800,FedEx,Summer,3,10,0,0
Hyderabad,Mumbai,2821,800,FedEx,Monsoon,6,5,1,4
Pune,Delhi,2352,800,DTDC,Autumn,6,9,0,0
Jaipur,Kolkata,1484,800,Delhivery,Summer,1,3,0,0
Jaipur,Bangalore,1867,800,BlueDart,Monsoon,1,10,1,4
Chennai,Delhi,2899,800,DHL,Monsoon,6,10,1,5
Kolkata,Chennai,1069,1660,FedEx,Autumn,7,8,1,4
Delhi,Kolkata,1932,1500,BlueDart,Autumn,9,7,0,0
Jaipur,Chennai,3809,800,DTDC,Autumn,4,7,1,3
Pune,Chennai,4602,800,FedEx,Winter,10,10,0,0
Bangalore,Chennai,2483,350,FedEx,Monsoon,6,9,0,0
Jaipur,Ahmedabad,4149,800,DTDC,Autumn,3,8,0,0
Bangalore,Lucknow,1861,800,DTDC,Monsoon,4,3,1,4
Jaipur,Kolkata,3551,800,DTDC,Summer,9,6,0,0
Delhi,Kolkata,4559,1500,BlueDart,Monsoon,1,6,1,3
Lucknow,Delhi,604,800,BlueDart,Monsoon,5,5,1,4
Jaipur,Delhi,516,800,BlueDart,Winter,7,3,1,3
Pune,Kolkata,4899,800,Delhivery,Summer,3,9,0,0
Jaipur,Ahmedabad,30,800,FedEx,Summer,2,7,0,0
Kolkata,Lucknow,1409,800,BlueDart,Winter,2,4,0,0
Delhi,Pune,3211,800,Delhivery,Autumn,1,6,0,0
Pune,Kolkata,2471,800,FedEx,Autumn,5,5,1,3
Hyderabad,Ahmedabad,3688,800,BlueDart,Monsoon,3,1,0,0
Pune,Bangalore,346,800,DTDC,Winter,7,2,1,3
Kolkata,Hyderabad,1677,800,DHL,Autumn,1,1,0,0
Lucknow,Pune,3586,800,BlueDart,Summer,9,9,1,4
Delhi,Mumbai,919,800,DHL,Winter,2,9,0,0
Hyderabad,Mumbai,285,800,BlueDart,Autumn,8,5,1,3
Kolkata,Pune,901,800,DTDC,Summer,10,8,1,4
Kolkata,Hyderabad,22,800,DHL,Winter,4,10,1,3
Mumbai,Hyderabad,4067,800,Delhivery,Monsoon,6,4,1,4
Delhi,Mumbai,3035,800,DTDC,Monsoon,9,1,1,4
Pune,Lucknow,983,800,DHL,Summer,7,4,0,0
Bangalore,Mumbai,4280,800,DHL,Autumn,8,7,0,0
Lucknow,Kolkata,3980,800,DTDC,Autumn,7,2,1,3
Bangalore,Lucknow,1418,800,DTDC,Winter,2,2,0,0
Pune,Chennai,1953,800,DTDC,Summer,9,6,1,4
Pune,Jaipur,2298,800,FedEx,Autumn,1,9,0,0
Delhi,Ahmedabad,556,800,Delhivery,Monsoon,2,3,0,0
Pune,Bangalore,1228,800,BlueDart,Summer,3,7,0,0
Mumbai,Kolkata,1430,800,DHL,Monsoon,3,10,1,4
Hyderabad,Delhi,1464,800,BlueDart,Summer,10,9,1,4
Pune,Mumbai,3387,800,DTDC,Winter,4,9,0,0
Bangalore,Jaipur,2782,800,Delhivery,Autumn,5,4,0,0
Pune,Mumbai,4108,800,Delhivery,Autumn,6,2,1,3
Mumbai,Delhi,2748,800,FedEx,Autumn,1,1,0,0
Jaipur,Chennai,3757,800,DTDC,Monsoon,8,6,0,0
Jaipur,Hyderabad,1852,800,DHL,Autumn,6,5,1,3
Kolkata,Lucknow,756,800,FedEx,Summer,10,6,0,0
Lucknow,Mumbai,2826,800,DTDC,Monsoon,9,7,1,5
Chennai,Pune,881,800,FedEx,Winter,5,9,0,0
Hyderabad,Kolkata,504,800,BlueDart,Monsoon,7,10,1,5
Ahmedabad,Jaipur,3454,800,DTDC,Winter,4,10,0,0
Kolkata,Pune,4733,800,DHL,Monsoon,6,6,0,0
Lucknow,Chennai,1085,800,DHL,Autumn,6,6,1,3
Jaipur,Chennai,4004,800,DTDC,Winter,4,3,1,2
Bangalore,Ahmedabad,4247,800,FedEx,Autumn,6,8,0,0
Ahmedabad,Hyderabad,55,800,Delhivery,Monsoon,8,9,1,5
Lucknow,Jaipur,3066,800,DTDC,Winter,5,1,0,0
Lucknow,Kolkata,2067,800,DHL,Summer,2,6,1,2
Kolkata,Jaipur,673,800,BlueDart,Summer,9,7,0,0
Ahmedabad,Kolkata,4678,800,DHL,Monsoon,4,8,1,4
Delhi,Bangalore,2039,800,Delhivery,Winter,4,10,1,3
Chennai,Ahmedabad,2706,800,DHL,Summer,7,8,1,3
Delhi,Lucknow,649,800,Delhivery,Autumn,10,7,0,0
Ahmedabad,Bangalore,2673,800,DTDC,Autumn,10,8,1,4
Delhi,Mumbai,2755,800,DHL,Monsoon,6,9,0,0
Mumbai,Delhi,4974,800,FedEx,Autumn,4,10,0,0
Jaipur,Bangalore,4958,800,FedEx,Autumn,6,7,1,3
Mumbai,Hyderabad,4412,800,DHL,Autumn,3,3,0,0
Pune,Bangalore,2605,800,DHL,Summer,7,9,1,4
Delhi,Lucknow,3437,800,BlueDart,Winter,6,1,0,0
Pune,Jaipur,404,800,DHL,Monsoon,3,8,1,4
Bangalore,Chennai,3607,350,BlueDart,Winter,1,6,0,0
Hyderabad,Lucknow,4854,800,BlueDart,Winter,10,3,0,0
Bangalore,Ahmedabad,2342,800,BlueDart,Winter,5,9,1,3
Ahmedabad,Pune,339,800,BlueDart,Summer,10,6,1,4
Lucknow,Chennai,2107,800,DTDC,Autumn,2,7,0,0
Jaipur,Chennai,782,800,FedEx,Monsoon,7,2,0,0
Delhi,Bangalore,1655,800,BlueDart,Winter,7,1,0,0
Kolkata,Hyderabad,1742,800,FedEx,Autumn,4,1,0,0
Hyderabad,Jaipur,4483,800,BlueDart,Summer,6,3,1,3
Chennai,Pune,1797,800,FedEx,Winter,1,3,0,0
Chennai,Pune,1633,800,DHL,Autumn,2,8,0,0
Chennai,Ahmedabad,1009,800,DHL,Summer,6,7,0,0
Delhi,Chennai,1858,800,FedEx,Autumn,2,10,0,0
Chennai,Hyderabad,1571,800,BlueDart,Monsoon,4,8,1,4
Mumbai,Delhi,783,800,DTDC,Autumn,4,1,0,0
Hyderabad,Pune,1813,800,FedEx,Autumn,10,4,1,4
Mumbai,Lucknow,1108,800,Delhivery,Monsoon,9,8,1,5
Lucknow,Mumbai,2060,800,DTDC,Monsoon,10,10,1,6
Hyderabad,Delhi,1608,800,Delhivery,Autumn,7,2,1,3
Mumbai,Chennai,757,800,FedEx,Monsoon,7,7,0,0
Hyderabad,Bangalore,3983,800,BlueDart,Autumn,1,8,0,0
Lucknow,Pune,2332,800,Delhivery,Winter,5,9,1,4
Pune,Ahmedabad,1563,800,FedEx,Autumn,3,7,0,0
Delhi,Ahmedabad,1625,800,DTDC,Summer,3,9,0,0
Delhi,Kolkata,3764,1500,BlueDart,Monsoon,6,2,1,4
Chennai,Lucknow,4434,800,Delhivery,Winter,4,1,0,0
Bangalore,Mumbai,2312,800,FedEx,Monsoon,8,1,1,4
Chennai,Delhi,4231,800,BlueDart,Monsoon,4,4,0,0
Ahmedabad,Chennai,4872,800,BlueDart,Monsoon,8,1,1,4
Mumbai,Chennai,3665,800,DHL,Summer,4,7,0,0
Hyderabad,Mumbai,3405,800,BlueDart,Summer,3,8,1,3
Bangalore,Hyderabad,226,800,FedEx,Autumn,5,3,0,0
Lucknow,Ahmedabad,3326,800,DTDC,Summer,5,1,1,2
Ahmedabad,Delhi,1369,800,DHL,Monsoon,10,3,1,4
Lucknow,Kolkata,3784,800,FedEx,Winter,10,2,0,0
Delhi,Ahmedabad,4937,800,FedEx,Winter,1,6,0,0
Delhi,Pune,4287,800,FedEx,Winter,8,7,0,0
Chennai,Mumbai,4439,800,Delhivery,Monsoon,8,9,1,5
Mumbai,Pune,4616,800,Delhivery,Summer,8,5,0,0
Bangalore,Kolkata,4488,1900,DTDC,Winter,10,4,1,5
Jaipur,Pune,1906,800,FedEx,Monsoon,4,1,1,3
Ahmedabad,Chennai,4437,800,Delhivery,Monsoon,9,6,1,5
Ahmedabad,Hyderabad,909,800,Delhivery,Winter,10,8,0,0
Chennai,Lucknow,651,800,Delhivery,Winter,3,4,0,0
Delhi,Hyderabad,4739,800,DTDC,Autumn,7,1,1,3
Chennai,Kolkata,3637,1660,DTDC,Autumn,6,5,0,0
Hyderabad,Jaipur,205,800,FedEx,Monsoon,9,10,1,5
Bangalore,Lucknow,1903,800,DHL,Autumn,4,5,1,2
Mumbai,Kolkata,3285,800,FedEx,Autumn,4,2,0,0
Pune,Bangalore,4060,800,Delhivery,Winter,6,6,1,3
Kolkata,Jaipur,4563,800,Delhivery,Autumn,8,10,0,0
Kolkata,Hyderabad,4935,800,BlueDart,Monsoon,3,9,1,4
Chennai,Delhi,2314,800,FedEx,Winter,8,6,1,3
Hyderabad,Lucknow,3610,800,Delhivery,Autumn,8,8,0,0
Bangalore,Chennai,3353,350,Delhivery,Autumn,7,10,1,4
Jaipur,Delhi,2066,800,DHL,Autumn,7,3,1,3
Kolkata,Mumbai,2818,800,BlueDart,Summer,5,10,0,0
Bangalore,Jaipur,1234,800,FedEx,Autumn,2,2,1,2
Mumbai,Chennai,896,800,DTDC,Autumn,2,4,1,2
Lucknow,Ahmedabad,402,800,FedEx,Monsoon,10,9,1,5
Hyderabad,Mumbai,1685,800,FedEx,Autumn,8,9,0,0
Delhi,Mumbai,3200,800,DHL,Summer,6,3,0,0
Bangalore,Lucknow,2456,800,FedEx,Winter,8,1,0,0
Mumbai,Jaipur,3915,800,DHL,Autumn,3,1,1,2
Jaipur,Bangalore,3348,800,DHL,Autumn,1,4,0,0
Pune,Hyderabad,3601,800,Delhivery,Monsoon,6,4,1,4
Delhi,Chennai,3776,800,DTDC,Autumn,2,10,1,3
Pune,Chennai,2537,800,DHL,Autumn,9,6,1,4
Jaipur,Mumbai,2191,800,BlueDart,Autumn,5,5,0,0
Mumbai,Hyderabad,3774,800,BlueDart,Autumn,5,6,0,0
Kolkata,Mumbai,364,800,DTDC,Winter,10,10,1,5
Pune,Mumbai,2641,800,DHL,Monsoon,8,7,1,5
Delhi,Pune,1531,800,DTDC,Winter,6,7,1,3
Chennai,Ahmedabad,2682,800,Delhivery,Summer,3,10,0,0
Ahmedabad,Delhi,3188,800,BlueDart,Autumn,9,10,0,0
Bangalore,Delhi,2347,800,FedEx,Summer,10,9,0,0
Kolkata,Pune,638,800,BlueDart,Winter,4,6,0,0
Pune,Mumbai,2689,800,DHL,Summer,10,8,1,4
Lucknow,Delhi,4432,800,DTDC,Autumn,4,2,0,0
Bangalore,Jaipur,1448,800,BlueDart,Summer,2,8,0,0
Chennai,Ahmedabad,1431,800,FedEx,Winter,3,9,0,0
Jaipur,Delhi,1136,800,FedEx,Autumn,4,4,1,2
Ahmedabad,Pune,2693,800,DTDC,Monsoon,7,5,0,0
Mumbai,Kolkata,1790,800,DTDC,Winter,3,5,0,0
Chennai,Delhi,1541,800,BlueDart,Autumn,8,2,1,3
Chennai,Ahmedabad,1924,800,DHL,Monsoon,8,5,0,0
Jaipur,Lucknow,1242,800,Delhivery,Summer,10,9,1,5
Hyderabad,Lucknow,1966,800,FedEx,Summer,2,4,1,2
Jaipur,Pune,402,800,DTDC,Summer,4,10,1,3
Hyderabad,Bangalore,835,800,Delhivery,Autumn,8,3,1,3
Hyderabad,Bangalore,2973,800,Delhivery,Summer,1,7,1,2
Kolkata,Delhi,2405,1500,Delhivery,Summer,1,8,0,0
Kolkata,Hyderabad,4155,800,DHL,Monsoon,4,10,0,0
Delhi,Kolkata,4905,1500,DTDC,Monsoon,2,6,1,4
Pune,Ahmedabad,1802,800,FedEx,Monsoon,1,6,0,0
Pune,Chennai,3074,800,DTDC,Autumn,8,5,0,0
Mumbai,Lucknow,1373,800,BlueDart,Winter,2,6,0,0
Pune,Delhi,2358,800,FedEx,Summer,4,9,0,0
Kolkata,Ahmedabad,3561,800,DTDC,Summer,3,2,1,2
Delhi,Pune,3638,800,FedEx,Autumn,2,10,0,0
Delhi,Kolkata,3346,1500,BlueDart,Summer,8,3,0,0
Hyderabad,Ahmedabad,1575,800,FedEx,Autumn,3,1,0,0
Jaipur,Ahmedabad,3677,800,Delhivery,Autumn,9,4,0,0
Mumbai,Kolkata,2223,800,DHL,Autumn,10,2,1,3
Hyderabad,Jaipur,4106,800,BlueDart,Winter,5,6,0,0
Jaipur,Lucknow,1029,800,FedEx,Autumn,9,1,1,3
Pune,Mumbai,1294,800,BlueDart,Winter,3,8,0,0
Hyderabad,Pune,72,800,Delhivery,Winter,5,10,0,0
Bangalore,Lucknow,2540,800,DHL,Summer,10,6,1,4
Pune,Kolkata,3402,800,BlueDart,Monsoon,6,9,1,4
Jaipur,Delhi,3282,800,Delhivery,Winter,9,6,0,0
Mumbai,Ahmedabad,2279,800,Delhivery,Winter,8,10,1,4
Jaipur,Ahmedabad,4257,800,Delhivery,Monsoon,2,7,0,0
Hyderabad,Delhi,653,800,FedEx,Winter,2,5,0,0
Hyderabad,Delhi,4731,800,DTDC,Monsoon,5,8,0,0
Chennai,Mumbai,226,800,BlueDart,Summer,5,8,1,3
Mumbai,Kolkata,205,800,DTDC,Autumn,5,10,0,0
Lucknow,Ahmedabad,3874,800,Delhivery,Monsoon,4,9,1,4
Pune,Lucknow,3283,800,DTDC,Autumn,8,6,1,4
Delhi,Chennai,2704,800,Delhivery,Monsoon,5,1,0,0
Mumbai,Pune,3222,800,Delhivery,Autumn,1,9,0,0
Delhi,Pune,2765,800,DHL,Summer,10,3,1,3
Mumbai,Pune,1531,800,DHL,Winter,5,9,1,3
Mumbai,Bangalore,1090,800,DTDC,Summer,1,7,0,0
Jaipur,Hyderabad,731,800,BlueDart,Winter,4,3,1,2
Mumbai,Bangalore,1572,800,DTDC,Autumn,1,9,0,0
Chennai,Ahmedabad,649,800,BlueDart,Autumn,6,7,0,0
Lucknow,Bangalore,4270,800,DTDC,Winter,6,7,0,0
Hyderabad,Delhi,4320,800,FedEx,Monsoon,1,7,1,3
Ahmedabad,Hyderabad,3797,800,FedEx,Summer,8,2,1,3
Delhi,Bangalore,3746,800,BlueDart,Monsoon,4,4,0,0
Hyderabad,Kolkata,99,800,DHL,Autumn,2,10,0,0
Ahmedabad,Delhi,2931,800,BlueDart,Summer,1,8,0,0
Lucknow,Bangalore,1261,800,DTDC,Summer,3,2,1,2
Lucknow,Bangalore,1112,800,Delhivery,Monsoon,7,4,1,4
Delhi,Ahmedabad,4713,800,FedEx,Winter,10,10,0,0
Delhi,Ahmedabad,358,800,Delhivery,Winter,10,8,0,0
Lucknow,Bangalore,3923,800,FedEx,Summer,8,3,1,3
Ahmedabad,Bangalore,4062,800,DTDC,Winter,5,6,0,0
Mumbai,Delhi,2951,800,FedEx,Autumn,7,2,0,0
Pune,Ahmedabad,255,800,BlueDart,Monsoon,2,8,0,0
Bangalore,Jaipur,281,800,Delhivery,Monsoon,4,8,1,4
Hyderabad,Delhi,2040,800,Delhivery,Monsoon,6,1,1,4
Jaipur,Chennai,4508,800,DTDC,Summer,5,3,0,0
Hyderabad,Pune,3197,800,Delhivery,Summer,6,2,1,3
Jaipur,Pune,3516,800,DTDC,Winter,2,7,1,3
Ahmedabad,Mumbai,1475,800,DHL,Monsoon,7,7,1,4
Jaipur,Chennai,1205,800,BlueDart,Autumn,8,4,1,3
Delhi,Ahmedabad,3097,800,FedEx,Autumn,9,8,0,0
Pune,Bangalore,3018,800,FedEx,Monsoon,6,3,1,4
Pune,Kolkata,3833,800,FedEx,Summer,7,9,1,4
Delhi,Lucknow,1624,800,DHL,Summer,1,5,0,0
Chennai,Bangalore,1136,350,BlueDart,Summer,9,2,0,0
Ahmedabad,Kolkata,4389,800,Delhivery,Autumn,6,9,1,4
Chennai,Jaipur,526,800,Delhivery,Monsoon,4,1,0,0
Chennai,Ahmedabad,2675,800,BlueDart,Autumn,10,8,1,4
Hyderabad,Chennai,1311,800,BlueDart,Monsoon,9,6,1,5
Lucknow,Pune,621,800,FedEx,Autumn,1,1,0,0
Hyderabad,Bangalore,759,800,Delhivery,Autumn,2,4,0,0
Lucknow,Bangalore,1866,800,BlueDart,Winter,3,3,0,0
Bangalore,Kolkata,409,1900,Delhivery,Autumn,1,7,0,0
Jaipur,Lucknow,1536,800,BlueDart,Monsoon,2,7,0,0
Lucknow,Kolkata,2034,800,DTDC,Autumn,2,6,0,0
Delhi,Jaipur,329,800,FedEx,Winter,7,10,0,0
Hyderabad,Ahmedabad,345,800,BlueDart,Winter,10,10,0,0
Ahmedabad,Bangalore,2108,800,DHL,Monsoon,6,8,0,0
Jaipur,Pune,183,800,BlueDart,Winter,9,7,1,4
Bangalore,Lucknow,4029,800,DTDC,Winter,5,4,1,3
Lucknow,Pune,1651,800,DHL,Summer,9,7,1,4
Bangalore,Kolkata,510,1900,DHL,Monsoon,10,1,0,0
Ahmedabad,Hyderabad,3656,800,BlueDart,Winter,9,3,0,0
Chennai,Mumbai,2373,800,DTDC,Winter,2,2,0,0
Pune,Chennai,1866,800,DHL,Winter,9,7,1,4
Ahmedabad,Jaipur,3162,800,FedEx,Monsoon,3,9,1,4
Kolkata,Mumbai,1906,800,FedEx,Summer,3,5,1,2
Ahmedabad,Bangalore,1728,800,Delhivery,Autumn,9,9,0,0
Bangalore,Mumbai,1788,800,Delhivery,Summer,7,8,0,0
Delhi,Lucknow,4802,800,DTDC,Monsoon,8,1,0,0
Hyderabad,Delhi,3067,800,DHL,Monsoon,7,2,1,4
Delhi,Lucknow,4837,800,FedEx,Monsoon,9,6,1,5
Bangalore,Kolkata,2723,1900,FedEx,Autumn,8,5,1,4
Hyderabad,Delhi,3838,800,DTDC,Monsoon,4,7,1,4
Kolkata,Chennai,4757,1660,DHL,Summer,2,9,0,0
Pune,Hyderabad,1104,800,DTDC,Winter,5,4,1,3
Jaipur,Ahmedabad,55,800,BlueDart,Winter,2,8,0,0
Bangalore,Chennai,1455,350,FedEx,Monsoon,4,4,0,0
Lucknow,Bangalore,2206,800,DTDC,Monsoon,2,3,1,3
Bangalore,Jaipur,3211,800,DTDC,Autumn,5,2,1,3
Bangalore,Hyderabad,465,800,BlueDart,Winter,6,8,0,0
Hyderabad,Chennai,1672,800,Delhivery,Autumn,1,8,0,0
Mumbai,Pune,2934,800,FedEx,Autumn,8,3,0,0
Ahmedabad,Pune,975,800,DTDC,Autumn,2,1,1,2
Mumbai,Lucknow,4974,800,FedEx,Autumn,5,6,0,0
Kolkata,Lucknow,1538,800,Delhivery,Summer,8,5,1,4
Lucknow,Kolkata,2986,800,DTDC,Monsoon,5,8,0,0
Pune,Jaipur,3081,800,BlueDart,Monsoon,3,6,0,0
Chennai,Mumbai,4879,800,FedEx,Autumn,6,4,1,3
Kolkata,Lucknow,2531,800,BlueDart,Autumn,1,10,1,2
Chennai,Jaipur,1136,800,Delhivery,Summer,1,10,0,0
Chennai,Ahmedabad,3414,800,Delhivery,Autumn,8,2,1,3
Pune,Bangalore,4502,800,FedEx,Summer,7,8,0,0
Delhi,Chennai,2353,800,Delhivery,Summer,10,5,0,0
Mumbai,Jaipur,116,800,DHL,Autumn,10,8,1,4
Bangalore,Hyderabad,2587,800,FedEx,Monsoon,3,5,1,3
Jaipur,Ahmedabad,3164,800,DHL,Summer,8,6,1,3
Chennai,Hyderabad,4393,800,Delhivery,Monsoon,8,10,1,5
Lucknow,Pune,4063,800,FedEx,Monsoon,1,5,0,0
Kolkata,Chennai,4811,1660,DHL,Summer,10,3,0,0
Delhi,Bangalore,224,800,Delhivery,Winter,7,10,0,0
Chennai,Bangalore,4449,350,DTDC,Summer,2,8,0,0
Delhi,Jaipur,4299,800,DTDC,Winter,2,3,1,2
Delhi,Pune,4263,800,BlueDart,Summer,2,4,0,0
Chennai,Delhi,474,800,DTDC,Summer,5,6,1,3
Hyderabad,Ahmedabad,2382,800,DHL,Monsoon,7,2,1,4
Ahmedabad,Lucknow,601,800,DTDC,Monsoon,4,7,0,0
Lucknow,Chennai,2198,800,FedEx,Autumn,4,5,0,0
Bangalore,Lucknow,893,800,FedEx,Monsoon,9,10,1,5
Bangalore,Delhi,4168,800,FedEx,Monsoon,10,5,0,0
Lucknow,Delhi,313,800,DTDC,Monsoon,9,5,1,5
Hyderabad,Lucknow,4501,800,DTDC,Monsoon,7,2,0,0
Bangalore,Pune,343,800,BlueDart,Autumn,10,10,1,4
Delhi,Pune,2843,800,Delhivery,Monsoon,4,9,1,4
Pune,Mumbai,4516,800,BlueDart,Winter,8,3,0,0
Kolkata,Ahmedabad,2341,800,DHL,Winter,10,7,0,0
Mumbai,Pune,4571,800,FedEx,Autumn,3,5,0,0
Bangalore,Ahmedabad,89,800,DTDC,Monsoon,3,10,0,0
Lucknow,Hyderabad,3773,800,Delhivery,Winter,7,10,0,0
Pune,Delhi,2841,800,Delhivery,Summer,9,5,0,0
Chennai,Ahmedabad,1987,800,DTDC,Winter,4,4,0,0
Ahmedabad,Chennai,742,800,BlueDart,Monsoon,4,10,0,0
Lucknow,Jaipur,3986,800,Delhivery,Winter,1,6,0,0
Delhi,Mumbai,1827,800,BlueDart,Summer,1,7,1,2
Ahmedabad,Jaipur,1394,800,DTDC,Winter,3,7,0,0
Kolkata,Hyderabad,2134,800,BlueDart,Monsoon,7,8,1,4
Kolkata,Mumbai,1208,800,FedEx,Summer,9,5,1,3
Hyderabad,Chennai,2302,800,DTDC,Autumn,4,7,0,0
Jaipur,Mumbai,4227,800,DTDC,Summer,2,4,1,2
Hyderabad,Ahmedabad,194,800,Delhivery,Winter,6,9,1,4
Pune,Delhi,4137,800,Delhivery,Autumn,6,5,0,0
Ahmedabad,Kolkata,1007,800,Delhivery,Summer,9,3,1,4
Jaipur,Ahmedabad,1996,800,FedEx,Summer,4,5,0,0
Chennai,Delhi,2819,800,FedEx,Summer,8,9,1,4
Delhi,Ahmedabad,4674,800,DHL,Monsoon,3,8,0,0
Ahmedabad,Hyderabad,2367,800,DTDC,Autumn,2,1,1,2
Hyderabad,Kolkata,1689,800,Delhivery,Autumn,9,5,1,4
Mumbai,Hyderabad,4935,800,DTDC,Summer,6,6,0,0
Jaipur,Bangalore,3049,800,BlueDart,Autumn,8,10,1,4
Jaipur,Delhi,4896,800,FedEx,Winter,10,2,1,3
Delhi,Pune,2521,800,DHL,Winter,9,6,1,4
Bangalore,Mumbai,3537,800,BlueDart,Summer,1,9,1,2
Kolkata,Ahmedabad,3036,800,DTDC,Winter,1,4,0,0
Kolkata,Ahmedabad,2755,800,FedEx,Summer,5,3,1,2
Mumbai,Chennai,4183,800,Delhivery,Winter,9,9,1,4
Pune,Delhi,2591,800,BlueDart,Summer,7,2,0,0
Pune,Delhi,4213,800,FedEx,Summer,7,9,0,0
Chennai,Lucknow,2821,800,DTDC,Autumn,2,10,0,0
Ahmedabad,Kolkata,4100,800,DTDC,Autumn,3,2,1,2
Lucknow,Ahmedabad,379,800,BlueDart,Summer,4,10,0,0
Bangalore,Hyderabad,3753,800,BlueDart,Autumn,2,3,0,0
Hyderabad,Pune,2014,800,BlueDart,Autumn,10,7,0,0
Lucknow,Chennai,1713,800,DHL,Monsoon,9,2,1,4
Lucknow,Pune,3334,800,Delhivery,Winter,5,1,0,0
Jaipur,Ahmedabad,450,800,FedEx,Autumn,7,9,0,0
Mumbai,Hyderabad,3267,800,DTDC,Summer,9,6,1,4
Kolkata,Ahmedabad,2916,800,DTDC,Monsoon,5,9,0,0
Chennai,Hyderabad,236,800,Delhivery,Monsoon,6,3,1,4
Pune,Ahmedabad,2411,800,BlueDart,Autumn,4,3,0,0
Mumbai,Bangalore,4728,800,BlueDart,Summer,8,10,0,0
Jaipur,Kolkata,1034,800,DTDC,Summer,1,3,1,2
Hyderabad,Bangalore,3501,800,Delhivery,Summer,1,2,0,0
Chennai,Lucknow,4266,800,DTDC,Summer,5,6,0,0
Jaipur,Hyderabad,880,800,BlueDart,Summer,10,3,0,0
Kolkata,Bangalore,3209,1900,FedEx,Winter,9,5,0,0
Kolkata,Pune,1755,800,BlueDart,Summer,2,5,0,0
Kolkata,Chennai,453,1660,FedEx,Summer,3,10,1,3
Mumbai,Chennai,4568,800,DHL,Winter,8,3,0,0
Mumbai,Jaipur,482,800,Delhivery,Autumn,5,3,0,0
Pune,Chennai,89,800,DHL,Monsoon,3,1,1,3
Pune,Mumbai,249,800,BlueDart,Winter,6,6,1,3
Hyderabad,Ahmedabad,4662,800,Delhivery,Monsoon,6,3,1,4
Chennai,Mumbai,599,800,BlueDart,Monsoon,5,1,0,0
Delhi,Hyderabad,1370,800,Delhivery,Winter,5,10,1,4
Delhi,Pune,1894,800,Delhivery,Summer,6,9,0,0
Jaipur,Hyderabad,2326,800,BlueDart,Monsoon,2,1,0,0
Kolkata,Delhi,4440,1500,BlueDart,Summer,6,5,1,3
Chennai,Kolkata,321,1660,Delhivery,Autumn,2,5,0,0
Lucknow,Delhi,1086,800,Delhivery,Winter,3,2,0,0
Mumbai,Delhi,43,800,BlueDart,Monsoon,2,1,0,0
Ahmedabad,Bangalore,1851,800,BlueDart,Summer,1,6,0,0
Bangalore,Chennai,4491,350,DTDC,Monsoon,1,7,0,0
Hyderabad,Pune,258,800,DTDC,Autumn,9,9,1,4
Kolkata,Mumbai,1144,800,DTDC,Autumn,4,8,0,0
Kolkata,Lucknow,4899,800,DHL,Monsoon,5,10,1,4
Kolkata,Ahmedabad,4957,800,Delhivery,Winter,10,3,0,0
Mumbai,Kolkata,385,800,FedEx,Autumn,7,9,0,0
Mumbai,Chennai,733,800,DHL,Summer,2,1,0,0
Bangalore,Chennai,1923,350,Delhivery,Autumn,10,6,1,4
Lucknow,Delhi,4307,800,FedEx,Summer,9,10,0,0
Chennai,Delhi,2502,800,DTDC,Monsoon,4,2,0,0
Kolkata,Hyderabad,1952,800,FedEx,Summer,10,10,1,4
Delhi,Lucknow,4014,800,BlueDart,Monsoon,10,9,1,5
Pune,Delhi,2354,800,BlueDart,Autumn,1,9,0,0
Delhi,Bangalore,1341,800,Delhivery,Winter,8,8,1,4
Jaipur,Hyderabad,4598,800,DHL,Autumn,4,7,0,0
Delhi,Bangalore,347,800,DTDC,Autumn,7,6,0,0
Jaipur,Chennai,1875,800,Delhivery,Autumn,3,2,1,2
Ahmedabad,Hyderabad,3147,800,DTDC,Autumn,9,4,0,0
Pune,Kolkata,801,800,BlueDart,Winter,5,10,1,3
Delhi,Mumbai,3621,800,DHL,Autumn,5,7,0,0
Ahmedabad,Hyderabad,3710,800,DHL,Summer,3,6,0,0
Hyderabad,Mumbai,1526,800,BlueDart,Winter,9,9,1,4
Chennai,Bangalore,3963,350,FedEx,Winter,3,5,1,2
Ahmedabad,Kolkata,3918,800,DHL,Summer,2,6,0,0
Chennai,Hyderabad,2683,800,FedEx,Monsoon,9,10,1,5
Delhi,Ahmedabad,2132,800,DTDC,Autumn,9,6,0,0
Lucknow,Pune,3795,800,DHL,Winter,10,8,1,4
Ahmedabad,Kolkata,68,800,BlueDart,Autumn,4,8,1,3
Pune,Mumbai,2443,800,FedEx,Autumn,4,6,1,3
Delhi,Hyderabad,2072,800,DTDC,Summer,10,8,1,4
Kolkata,Bangalore,1264,1900,DTDC,Summer,6,7,1,4
Mumbai,Kolkata,3698,800,DHL,Summer,9,1,0,0
Ahmedabad,Jaipur,3758,800,DHL,Autumn,8,5,0,0
Pune,Ahmedabad,4140,800,Delhivery,Winter,10,10,1,5
Hyderabad,Kolkata,4267,800,Delhivery,Winter,3,10,0,0
Kolkata,Delhi,3039,1500,DHL,Monsoon,6,10,1,5
Hyderabad,Ahmedabad,2856,800,Delhivery,Autumn,7,5,1,3
Delhi,Ahmedabad,480,800,BlueDart,Monsoon,6,10,1,5
Mumbai,Ahmedabad,4045,800,BlueDart,Monsoon,3,9,0,0
Ahmedabad,Lucknow,2909,800,Delhivery,Monsoon,9,7,0,0
Ahmedabad,Jaipur,1456,800,DHL,Monsoon,4,7,1,4
Lucknow,Pune,4453,800,BlueDart,Monsoon,2,10,0,0
Lucknow,Mumbai,4799,800,DTDC,Autumn,9,2,1,3
Delhi,Hyderabad,922,800,DHL,Summer,3,8,0,0
Delhi,Pune,4252,800,FedEx,Monsoon,6,3,0,0
Mumbai,Ahmedabad,1721,800,FedEx,Winter,5,9,1,3
Lucknow,Kolkata,684,800,DHL,Autumn,2,6,0,0
Pune,Jaipur,1449,800,Delhivery,Monsoon,1,9,0,0
Pune,Bangalore,2744,800,BlueDart,Winter,9,9,1,4
Mumbai,Ahmedabad,3640,800,BlueDart,Monsoon,3,7,0,0
Pune,Kolkata,695,800,DHL,Summer,7,10,0,0
Jaipur,Pune,1136,800,DTDC,Autumn,9,8,0,0
Chennai,Kolkata,4226,1660,Delhivery,Summer,9,2,1,4
Mumbai,Jaipur,2476,800,DTDC,Winter,10,5,1,4
Mumbai,Bangalore,2407,800,DHL,Monsoon,6,3,1,4
Bangalore,Lucknow,4147,800,DHL,Summer,8,1,1,3
Kolkata,Lucknow,3448,800,DTDC,Summer,9,6,1,4
Kolkata,Ahmedabad,4134,800,FedEx,Monsoon,3,9,0,0
Jaipur,Chennai,975,800,DHL,Autumn,6,2,0,0
Lucknow,Chennai,929,800,Delhivery,Winter,5,9,0,0
Delhi,Ahmedabad,4923,800,DTDC,Autumn,7,8,0,0
Delhi,Hyderabad,2882,800,FedEx,Winter,7,9,0,0
Hyderabad,Ahmedabad,1518,800,DTDC,Winter,9,5,1,4
Jaipur,Ahmedabad,1222,800,FedEx,Summer,1,2,0,0
Mumbai,Pune,881,800,FedEx,Monsoon,6,10,1,5
Jaipur,Lucknow,4400,800,Delhivery,Autumn,5,10,0,0
Jaipur,Pune,3264,800,DHL,Summer,4,6,0,0
Jaipur,Hyderabad,873,800,FedEx,Summer,10,7,1,4
Kolkata,Ahmedabad,3963,800,DHL,Summer,1,3,0,0
Jaipur,Kolkata,3118,800,Delhivery,Autumn,4,6,0,0
Chennai,Mumbai,3065,800,DHL,Summer,10,6,1,4
Delhi,Lucknow,4004,800,BlueDart,Monsoon,7,8,0,0
Hyderabad,Lucknow,2692,800,FedEx,Summer,4,1,0,0
Chennai,Lucknow,4700,800,Delhivery,Summer,1,4,0,0
Hyderabad,Jaipur,623,800,DTDC,Winter,10,1,0,0
Bangalore,Chennai,1882,350,Delhivery,Summer,1,8,0,0
Hyderabad,Mumbai,3164,800,FedEx,Autumn,1,2,0,0
Delhi,Jaipur,4570,800,Delhivery,Autumn,10,8,0,0
Delhi,Pune,3383,800,DTDC,Monsoon,5,3,0,0
Jaipur,Kolkata,3201,800,BlueDart,Autumn,7,8,1,3
Ahmedabad,Pune,577,800,FedEx,Autumn,9,6,1,4
Bangalore,Kolkata,4143,1900,FedEx,Summer,8,1,1,3
Mumbai,Lucknow,254,800,Delhivery,Monsoon,2,7,0,0
Pune,Delhi,30,800,DHL,Autumn,9,7,1,4
Hyderabad,Lucknow,403,800,DHL,Monsoon,4,6,0,0
Ahmedabad,Lucknow,3824,800,DTDC,Monsoon,10,1,1,4
Jaipur,Kolkata,2065,800,BlueDart,Winter,5,5,0,0
Kolkata,Mumbai,3525,800,BlueDart,Winter,5,1,0,0
Mumbai,Pune,2385,800,Delhivery,Summer,4,1,0,0
Lucknow,Chennai,1920,800,Delhivery,Autumn,6,6,1,3
Ahmedabad,Lucknow,299,800,DHL,Summer,1,8,0,0
Kolkata,Ahmedabad,2568,800,BlueDart,Summer,2,1,0,0
Bangalore,Chennai,370,350,BlueDart,Monsoon,4,2,0,0
Jaipur,Hyderabad,1632,800,BlueDart,Monsoon,4,5,1,3
Mumbai,Ahmedabad,4324,800,DTDC,Monsoon,8,8,1,5
Mumbai,Hyderabad,4104,800,DTDC,Summer,9,4,1,4
Mumbai,Bangalore,2463,800,Delhivery,Autumn,4,5,0,0
Bangalore,Delhi,2025,800,DHL,Summer,6,10,1,4
Hyderabad,Pune,2050,800,FedEx,Summer,4,5,0,0
Lucknow,Delhi,2054,800,DHL,Summer,4,3,0,0
Bangalore,Ahmedabad,2810,800,DTDC,Winter,9,6,0,0
Pune,Kolkata,2980,800,DTDC,Winter,4,5,1,3
Lucknow,Chennai,841,800,Delhivery,Autumn,6,2,1,3
Delhi,Pune,1803,800,FedEx,Winter,9,10,1,4
Jaipur,Pune,3702,800,BlueDart,Summer,3,4,0,0
Bangalore,Kolkata,1801,1900,FedEx,Winter,7,4,1,4
Kolkata,Mumbai,2851,800,FedEx,Winter,7,7,0,0
Lucknow,Mumbai,4700,800,FedEx,Summer,1,7,0,0
Pune,Mumbai,2164,800,Delhivery,Autumn,2,9,1,3
Delhi,Mumbai,590,800,DTDC,Winter,5,10,0,0
Hyderabad,Kolkata,2863,800,BlueDart,Summer,8,2,0,0
Kolkata,Chennai,2246,1660,FedEx,Summer,6,6,1,4
Lucknow,Jaipur,4186,800,BlueDart,Summer,7,2,0,0
Jaipur,Bangalore,2165,800,FedEx,Monsoon,3,9,0,0
Kolkata,Pune,1354,800,DTDC,Summer,6,2,0,0
Delhi,Jaipur,355,800,BlueDart,Winter,9,6,1,4
Kolkata,Ahmedabad,1896,800,DHL,Winter,3,8,0,0
Chennai,Mumbai,564,800,DTDC,Summer,6,6,1,3
Ahmedabad,Jaipur,3780,800,BlueDart,Monsoon,7,3,1,4
Hyderabad,Bangalore,4407,800,FedEx,Monsoon,5,5,1,4
Delhi,Jaipur,209,800,FedEx,Monsoon,10,4,1,5
Kolkata,Chennai,2950,1660,DTDC,Winter,8,1,0,0
Ahmedabad,Jaipur,3500,800,DTDC,Monsoon,8,5,1,5
Ahmedabad,Mumbai,316,800,FedEx,Autumn,6,10,1,4
Kolkata,Bangalore,3085,1900,BlueDart,Autumn,7,5,1,4
Jaipur,Hyderabad,1666,800,DHL,Monsoon,3,7,1,4
Chennai,Lucknow,2702,800,Delhivery,Autumn,7,7,1,4
Bangalore,Delhi,1774,800,DTDC,Summer,7,2,1,3
Chennai,Mumbai,285,800,FedEx,Monsoon,4,4,1,3
Kolkata,Bangalore,3371,1900,BlueDart,Monsoon,10,1,1,5
Hyderabad,Chennai,1411,800,DTDC,Monsoon,4,5,1,4
Bangalore,Hyderabad,4743,800,BlueDart,Summer,3,5,0,0
Delhi,Chennai,1785,800,DTDC,Summer,10,4,1,4
Chennai,Delhi,3391,800,FedEx,Monsoon,7,10,1,5
Kolkata,Delhi,4060,1500,BlueDart,Winter,5,7,1,3
Chennai,Pune,3470,800,FedEx,Winter,3,6,0,0
Bangalore,Lucknow,1890,800,BlueDart,Autumn,6,10,0,0
Pune,Delhi,3845,800,DTDC,Summer,6,3,0,0
Lucknow,Ahmedabad,4288,800,Delhivery,Autumn,6,2,0,0
Chennai,Pune,1854,800,Delhivery,Autumn,2,4,0,0
Delhi,Pune,3387,800,DHL,Monsoon,10,9,1,5
Delhi,Chennai,81,800,DHL,Winter,7,10,1,4
Mumbai,Pune,1686,800,FedEx,Autumn,7,5,0,0
Chennai,Mumbai,1305,800,BlueDart,Monsoon,10,1,0,0
Lucknow,Mumbai,1053,800,DHL,Summer,4,3,0,0
Jaipur,Kolkata,2635,800,DTDC,Autumn,6,9,1,4
Ahmedabad,Delhi,3052,800,Delhivery,Winter,4,7,1,3
Lucknow,Jaipur,824,800,BlueDart,Summer,4,3,1,2
Ahmedabad,Pune,2204,800,Delhivery,Monsoon,6,1,1,4
Ahmedabad,Chennai,3510,800,BlueDart,Summer,9,4,0,0
Pune,Chennai,319,800,DHL,Autumn,7,9,1,4
Mumbai,Bangalore,2071,800,DHL,Summer,2,7,0,0
Lucknow,Kolkata,4237,800,FedEx,Summer,6,5,0,0
Lucknow,Chennai,1887,800,BlueDart,Summer,5,6,1,3
Pune,Mumbai,2812,800,DTDC,Winter,6,1,0,0
Chennai,Jaipur,2496,800,DHL,Autumn,8,7,1,4
Chennai,Bangalore,4845,350,FedEx,Monsoon,8,5,1,4
Chennai,Ahmedabad,3755,800,DHL,Winter,3,7,1,2
Hyderabad,Chennai,804,800,Delhivery,Autumn,9,5,1,4
Ahmedabad,Lucknow,4024,800,DHL,Monsoon,6,5,0,0
Hyderabad,Pune,4363,800,BlueDart,Monsoon,7,3,0,0
Mumbai,Lucknow,3417,800,FedEx,Monsoon,9,5,1,4
Pune,Bangalore,2466,800,BlueDart,Autumn,7,8,0,0
Lucknow,Mumbai,1861,800,DTDC,Monsoon,10,8,1,5
Ahmedabad,Kolkata,984,800,DTDC,Monsoon,9,2,0,0
Hyderabad,Bangalore,1057,800,DHL,Winter,1,1,0,0
Hyderabad,Ahmedabad,4376,800,FedEx,Monsoon,1,2,0,0
Kolkata,Jaipur,4247,800,FedEx,Summer,3,7,1,2
Hyderabad,Chennai,3799,800,FedEx,Winter,9,3,1,3
Jaipur,Kolkata,3031,800,FedEx,Winter,1,8,0,0
Lucknow,Kolkata,4379,800,DHL,Autumn,1,4,1,2
Jaipur,Chennai,4039,800,BlueDart,Monsoon,5,10,1,4
Lucknow,Chennai,474,800,DHL,Summer,8,10,1,4
Pune,Chennai,297,800,BlueDart,Summer,2,8,0,0
Lucknow,Chennai,3205,800,Delhivery,Monsoon,4,2,0,0
Jaipur,Chennai,885,800,Delhivery,Monsoon,6,5,0,0
Lucknow,Kolkata,2002,800,BlueDart,Autumn,1,6,0,0
Pune,Delhi,2935,800,DHL,Summer,4,1,1,2
Pune,Delhi,1130,800,DTDC,Winter,4,1,1,2
Mumbai,Lucknow,456,800,DHL,Autumn,9,9,1,4
Lucknow,Delhi,2842,800,DTDC,Autumn,9,5,1,4
Kolkata,Ahmedabad,3578,800,DHL,Winter,6,4,0,0
Chennai,Delhi,2906,800,FedEx,Autumn,8,1,0,0
Delhi,Hyderabad,731,800,FedEx,Monsoon,10,3,1,4
Pune,Chennai,2173,800,Delhivery,Winter,4,4,1,3
Bangalore,Pune,2592,800,Delhivery,Winter,10,5,1,4
Chennai,Pune,1361,800,BlueDart,Summer,8,10,0,0
Ahmedabad,Hyderabad,3990,800,DTDC,Winter,3,5,0,0
Lucknow,Kolkata,4512,800,FedEx,Autumn,2,10,1,3
Jaipur,Mumbai,3394,800,DHL,Summer,6,8,1,3
Delhi,Chennai,1735,800,BlueDart,Autumn,5,3,0,0
Bangalore,Lucknow,703,800,DHL,Monsoon,8,7,1,5
Chennai,Mumbai,3423,800,FedEx,Monsoon,1,6,0,0
Lucknow,Kolkata,504,800,FedEx,Summer,10,10,0,0
Mumbai,Bangalore,957,800,FedEx,Summer,3,10,0,0
Ahmedabad,Chennai,32,800,FedEx,Autumn,7,10,0,0
Delhi,Mumbai,1138,800,DHL,Monsoon,10,6,1,5
Kolkata,Bangalore,567,1900,BlueDart,Summer,4,10,0,0
Mumbai,Pune,1626,800,FedEx,Monsoon,10,9,1,5
Bangalore,Chennai,3740,350,Delhivery,Monsoon,5,7,1,4
Delhi,Kolkata,1666,1500,BlueDart,Monsoon,8,7,1,5
Mumbai,Bangalore,4183,800,Delhivery,Autumn,1,1,0,0
Ahmedabad,Bangalore,816,800,DHL,Autumn,1,1,0,0
Kolkata,Lucknow,3322,800,FedEx,Monsoon,7,9,1,5
Mumbai,Chennai,4873,800,BlueDart,Monsoon,9,9,1,5
Hyderabad,Kolkata,463,800,FedEx,Monsoon,4,10,0,0
Kolkata,Delhi,2985,1500,FedEx,Winter,8,3,0,0
Bangalore,Kolkata,2334,1900,BlueDart,Winter,10,8,1,5
Ahmedabad,Pune,1457,800,FedEx,Autumn,7,9,1,4
Lucknow,Ahmedabad,2571,800,FedEx,Monsoon,2,1,1,2
Jaipur,Bangalore,2521,800,DTDC,Winter,5,3,1,3
Jaipur,Kolkata,2881,800,DTDC,Summer,9,6,1,4
Jaipur,Mumbai,372,800,BlueDart,Summer,9,4,0,0
Delhi,Mumbai,3464,800,BlueDart,Monsoon,3,8,1,4
Bangalore,Hyderabad,2808,800,FedEx,Winter,3,9,0,0
Ahmedabad,Lucknow,4630,800,Delhivery,Summer,2,7,0,0
Kolkata,Mumbai,3463,800,BlueDart,Autumn,7,1,1,2
Delhi,Mumbai,3265,800,FedEx,Summer,6,2,0,0
Bangalore,Kolkata,1227,1900,Delhivery,Autumn,5,1,1,3
Lucknow,Chennai,1495,800,DTDC,Summer,7,9,0,0
Hyderabad,Delhi,2113,800,BlueDart,Summer,4,4,1,2
Ahmedabad,Lucknow,2546,800,FedEx,Winter,5,10,0,0
Jaipur,Lucknow,1865,800,DTDC,Summer,9,8,1,4
Mumbai,Bangalore,4827,800,DHL,Summer,9,5,0,0
Ahmedabad,Lucknow,1217,800,DTDC,Autumn,4,5,0,0
Pune,Hyderabad,1458,800,FedEx,Autumn,6,5,1,3
Bangalore,Jaipur,1517,800,Delhivery,Summer,2,5,0,0
Chennai,Kolkata,1013,1660,DHL,Monsoon,3,3,0,0
Lucknow,Delhi,935,800,DHL,Summer,9,6,0,0
Hyderabad,Delhi,4961,800,DHL,Summer,6,1,0,0
Lucknow,Jaipur,93,800,BlueDart,Winter,8,8,0,0
Ahmedabad,Mumbai,3752,800,FedEx,Summer,5,4,0,0
Chennai,Pune,3937,800,DHL,Summer,2,6,1,2
Pune,Bangalore,1552,800,DTDC,Autumn,7,2,1,3
Kolkata,Bangalore,995,1900,Delhivery,Autumn,6,2,0,0
Mumbai,Bangalore,4241,800,FedEx,Autumn,2,8,0,0
Chennai,Ahmedabad,918,800,DTDC,Autumn,6,1,1,3
Bangalore,Delhi,2918,800,BlueDart,Summer,8,8,0,0
Jaipur,Chennai,4695,800,DHL,Monsoon,1,10,0,0
Pune,Lucknow,2747,800,DTDC,Winter,4,10,0,0
Mumbai,Lucknow,2596,800,FedEx,Winter,1,1,0,0
Hyderabad,Ahmedabad,1153,800,DTDC,Monsoon,2,9,1,4
Jaipur,Chennai,1341,800,BlueDart,Monsoon,1,1,0,0
Ahmedabad,Pune,3358,800,Delhivery,Winter,6,4,1,3
Chennai,Mumbai,1563,800,DHL,Summer,6,9,1,3
Mumbai,Kolkata,2352,800,FedEx,Winter,1,1,0,0
Delhi,Hyderabad,1816,800,DHL,Monsoon,4,9,1,4
Kolkata,Jaipur,2110,800,DHL,Summer,4,8,0,0
Kolkata,Delhi,815,1500,DHL,Winter,8,5,0,0
Pune,Kolkata,4157,800,DTDC,Summer,6,6,0,0
Hyderabad,Ahmedabad,2785,800,DTDC,Summer,2,5,0,0
Pune,Kolkata,81,800,Delhivery,Monsoon,5,4,1,4
Delhi,Lucknow,37,800,BlueDart,Autumn,4,10,0,0
Bangalore,Mumbai,478,800,FedEx,Winter,10,4,1,4
Hyderabad,Bangalore,3993,800,DTDC,Monsoon,4,10,1,4
Lucknow,Delhi,773,800,DHL,Winter,8,8,1,4
Bangalore,Chennai,1434,350,BlueDart,Autumn,5,8,0,0
Hyderabad,Lucknow,2258,800,FedEx,Autumn,3,9,1,3
Hyderabad,Lucknow,3842,800,FedEx,Autumn,10,3,0,0
Delhi,Bangalore,4925,800,FedEx,Autumn,4,10,1,3
Ahmedabad,Bangalore,4070,800,FedEx,Winter,1,8,0,0
Delhi,Kolkata,4080,1500,Delhivery,Summer,6,3,0,0
Hyderabad,Lucknow,1685,800,FedEx,Summer,10,2,1,3
Mumbai,Chennai,569,800,BlueDart,Autumn,4,2,0,0
Bangalore,Pune,4484,800,DTDC,Autumn,6,9,0,0
Delhi,Chennai,3841,800,BlueDart,Summer,2,4,0,0
Ahmedabad,Pune,1928,800,DHL,Monsoon,5,5,1,4
Chennai,Pune,88,800,Delhivery,Autumn,9,2,1,3
Pune,Lucknow,4939,800,Delhivery,Summer,8,9,1,4
Hyderabad,Delhi,3657,800,DHL,Monsoon,3,7,1,4
Lucknow,Hyderabad,1041,800,BlueDart,Summer,1,3,1,1
Chennai,Lucknow,2082,800,BlueDart,Monsoon,10,6,0,0
Kolkata,Delhi,4555,1500,DHL,Winter,3,7,0,0
Jaipur,Delhi,1494,800,FedEx,Monsoon,8,6,1,4
Ahmedabad,Kolkata,2255,800,FedEx,Autumn,3,10,1,3
Lucknow,Pune,1560,800,DTDC,Monsoon,5,10,1,5
Jaipur,Lucknow,4795,800,BlueDart,Monsoon,2,6,1,3
Ahmedabad,Delhi,4692,800,BlueDart,Autumn,1,8,0,0
Mumbai,Hyderabad,1839,800,DHL,Winter,10,8,1,4
Pune,Ahmedabad,3761,800,DHL,Monsoon,5,5,0,0
Chennai,Ahmedabad,4732,800,FedEx,Winter,5,4,0,0
Bangalore,Ahmedabad,2041,800,BlueDart,Summer,6,5,0,0
Ahmedabad,Pune,4469,800,BlueDart,Summer,2,9,1,3
Bangalore,Chennai,3866,350,Delhivery,Autumn,9,10,1,4
Pune,Bangalore,2192,800,DTDC,Winter,2,6,0,0
Hyderabad,Lucknow,4479,800,DTDC,Autumn,2,3,0,0
Kolkata,Jaipur,2104,800,FedEx,Autumn,5,3,0,0
Chennai,Hyderabad,3913,800,BlueDart,Monsoon,9,1,0,0
Pune,Hyderabad,3042,800,Delhivery,Summer,4,5,1,3
Pune,Mumbai,1558,800,BlueDart,Autumn,6,6,1,3
Mumbai,Delhi,377,800,DHL,Monsoon,2,8,1,3
Jaipur,Chennai,74,800,FedEx,Monsoon,4,9,1,4
Kolkata,Delhi,3309,1500,DTDC,Winter,9,7,1,5
Chennai,Pune,4859,800,BlueDart,Summer,2,1,0,0
Hyderabad,Delhi,2045,800,FedEx,Winter,1,7,0,0
Hyderabad,Delhi,2873,800,DTDC,Winter,4,10,0,0
Delhi,Hyderabad,1886,800,BlueDart,Autumn,4,9,0,0
Pune,Chennai,4861,800,Delhivery,Winter,1,4,0,0
Ahmedabad,Jaipur,2238,800,FedEx,Autumn,4,7,0,0
Mumbai,Kolkata,606,800,BlueDart,Winter,3,9,1,3
Kolkata,Ahmedabad,3616,800,DTDC,Monsoon,2,1,1,3
Hyderabad,Kolkata,2684,800,DTDC,Summer,10,10,0,0
Chennai,Delhi,3899,800,Delhivery,Summer,4,9,1,3
Delhi,Jaipur,3516,800,FedEx,Summer,8,4,1,3
Chennai,Delhi,1844,800,FedEx,Monsoon,7,8,1,4
Mumbai,Lucknow,1405,800,BlueDart,Monsoon,9,3,1,4
Ahmedabad,Lucknow,1596,800,DTDC,Winter,8,2,1,3
Delhi,Chennai,121,800,DTDC,Winter,1,8,1,3
Delhi,Kolkata,462,1500,Delhivery,Winter,2,8,1,3
Jaipur,Pune,2813,800,Delhivery,Winter,2,3,0,0
Kolkata,Lucknow,2641,800,FedEx,Summer,8,8,0,0
Delhi,Chennai,2196,800,DTDC,Winter,4,6,0,0
Jaipur,Kolkata,4358,800,BlueDart,Monsoon,9,10,0,0
Jaipur,Pune,2014,800,DHL,Monsoon,2,9,0,0
Mumbai,Chennai,1469,800,BlueDart,Monsoon,4,10,1,4
Bangalore,Pune,1952,800,Delhivery,Autumn,1,6,0,0
Chennai,Jaipur,3503,800,BlueDart,Autumn,3,8,0,0
Ahmedabad,Bangalore,1867,800,DTDC,Autumn,6,2,0,0
Lucknow,Delhi,71,800,FedEx,Winter,9,1,1,3
Chennai,Pune,1504,800,DHL,Summer,1,10,0,0
Delhi,Lucknow,1190,800,FedEx,Summer,5,10,1,3
Ahmedabad,Mumbai,4911,800,DHL,Winter,2,2,0,0
Hyderabad,Bangalore,2798,800,DHL,Winter,7,4,0,0
Bangalore,Hyderabad,1885,800,DTDC,Autumn,4,10,0,0
Hyderabad,Bangalore,2218,800,DTDC,Monsoon,5,9,1,5
Hyderabad,Mumbai,4646,800,Delhivery,Monsoon,8,7,1,5
Kolkata,Pune,4731,800,Delhivery,Autumn,2,9,1,3
Chennai,Pune,115,800,DHL,Autumn,3,9,0,0
Lucknow,Pune,1164,800,Delhivery,Summer,5,9,1,4
Mumbai,Hyderabad,3438,800,DTDC,Autumn,10,8,0,0
Lucknow,Kolkata,4097,800,Delhivery,Monsoon,4,6,1,4
Hyderabad,Kolkata,1718,800,DHL,Monsoon,5,10,0,0
Delhi,Mumbai,2833,800,FedEx,Winter,3,7,0,0
Bangalore,Hyderabad,3935,800,BlueDart,Summer,9,2,0,0
Pune,Hyderabad,1918,800,Delhivery,Winter,8,1,0,0
Lucknow,Mumbai,2059,800,DTDC,Summer,6,5,1,3
Hyderabad,Pune,4474,800,FedEx,Winter,1,8,1,2
Bangalore,Mumbai,1284,800,DTDC,Summer,4,3,0,0
Ahmedabad,Delhi,955,800,Delhivery,Autumn,7,7,1,4
Chennai,Delhi,3914,800,DHL,Monsoon,10,5,1,5
Jaipur,Kolkata,2237,800,BlueDart,Autumn,5,10,1,3
Kolkata,Pune,3806,800,BlueDart,Summer,4,8,1,3
Bangalore,Mumbai,302,800,FedEx,Summer,9,6,0,0
Delhi,Mumbai,4689,800,BlueDart,Winter,8,6,0,0
Delhi,Mumbai,2232,800,DHL,Summer,3,7,0,0
Bangalore,Ahmedabad,3983,800,DTDC,Autumn,6,7,1,3
Delhi,Bangalore,2501,800,DHL,Summer,4,4,1,2
Chennai,Mumbai,2485,800,FedEx,Summer,7,10,0,0
Delhi,Ahmedabad,4870,800,FedEx,Winter,1,10,0,0
Lucknow,Delhi,3739,800,BlueDart,Summer,1,10,0,0
Jaipur,Hyderabad,437,800,DHL,Winter,6,8,1,3
Delhi,Jaipur,2982,800,DTDC,Monsoon,10,6,0,0
Jaipur,Delhi,116,800,DHL,Winter,7,8,0,0
Hyderabad,Lucknow,3629,800,DTDC,Summer,9,7,0,0
Mumbai,Jaipur,4764,800,DTDC,Monsoon,7,1,1,4
Chennai,Mumbai,3343,800,DHL,Summer,9,4,0,0
Mumbai,Pune,4002,800,Delhivery,Winter,10,7,1,4
Hyderabad,Ahmedabad,1235,800,DHL,Autumn,9,9,0,0
Chennai,Ahmedabad,4014,800,DTDC,Monsoon,8,2,1,4
Bangalore,Ahmedabad,4260,800,FedEx,Autumn,7,5,0,0
Bangalore,Ahmedabad,3378,800,FedEx,Autumn,3,9,0,0
Jaipur,Ahmedabad,905,800,BlueDart,Monsoon,3,9,0,0
Hyderabad,Bangalore,3915,800,FedEx,Autumn,5,6,0,0
Jaipur,Hyderabad,1630,800,Delhivery,Autumn,7,7,0,0
Kolkata,Bangalore,3873,1900,DTDC,Autumn,10,9,1,5
Delhi,Pune,2302,800,DHL,Autumn,7,10,1,4
Pune,Ahmedabad,1395,800,DHL,Monsoon,1,8,1,3
Kolkata,Jaipur,3909,800,Delhivery,Summer,8,10,0,0
Delhi,Bangalore,3602,800,FedEx,Autumn,1,6,1,2
Chennai,Lucknow,2443,800,DTDC,Monsoon,4,6,0,0
Jaipur,Kolkata,2816,800,FedEx,Monsoon,2,7,0,0
Chennai,Lucknow,3393,800,BlueDart,Monsoon,5,7,1,4
Chennai,Hyderabad,1311,800,FedEx,Monsoon,6,2,0,0
Delhi,Pune,768,800,BlueDart,Winter,4,9,0,0
Hyderabad,Lucknow,756,800,DHL,Summer,4,4,1,2
Delhi,Kolkata,602,1500,DTDC,Summer,7,10,1,5
Ahmedabad,Delhi,2896,800,BlueDart,Autumn,4,9,0,0
Bangalore,Lucknow,4121,800,FedEx,Monsoon,2,10,0,0
Bangalore,Delhi,1078,800,FedEx,Winter,4,3,0,0
Kolkata,Bangalore,3317,1900,DHL,Monsoon,7,5,1,5
Bangalore,Delhi,712,800,Delhivery,Autumn,1,5,1,2
Delhi,Chennai,4718,800,Delhivery,Summer,4,7,0,0
Lucknow,Hyderabad,114,800,FedEx,Autumn,6,4,0,0
Jaipur,Bangalore,1507,800,Delhivery,Autumn,8,4,0,0
Delhi,Jaipur,3843,800,DTDC,Autumn,8,1,0,0
Delhi,Ahmedabad,405,800,Delhivery,Autumn,9,6,0,0
Pune,Ahmedabad,3527,800,DTDC,Autumn,5,4,1,3
Jaipur,Mumbai,2663,800,FedEx,Autumn,2,10,0,0
Ahmedabad,Bangalore,3301,800,FedEx,Autumn,3,10,0,0
Bangalore,Chennai,2020,350,FedEx,Summer,2,5,0,0
Jaipur,Delhi,3891,800,DHL,Summer,9,9,1,4
Bangalore,Pune,4956,800,Delhivery,Monsoon,6,4,1,4
Kolkata,Lucknow,1998,800,BlueDart,Monsoon,1,1,0,0
Jaipur,Chennai,4547,800,BlueDart,Winter,3,9,1,3
Bangalore,Hyderabad,1678,800,FedEx,Winter,7,5,0,0
Ahmedabad,Bangalore,4978,800,Delhivery,Summer,7,10,1,4
Mumbai,Lucknow,4772,800,DTDC,Summer,5,7,1,3
Chennai,Kolkata,1061,1660,BlueDart,Winter,3,3,0,0
Chennai,Hyderabad,2851,800,FedEx,Summer,7,4,1,3
Ahmedabad,Mumbai,4733,800,BlueDart,Winter,5,10,1,3
Pune,Delhi,3594,800,BlueDart,Monsoon,6,9,1,4
Mumbai,Lucknow,357,800,BlueDart,Summer,3,10,0,0
Kolkata,Delhi,1273,1500,FedEx,Summer,6,1,0,0
Ahmedabad,Kolkata,4675,800,FedEx,Winter,7,5,1,3
Chennai,Jaipur,2752,800,DHL,Autumn,8,8,0,0
Chennai,Bangalore,2083,350,DHL,Autumn,2,10,1,2
Chennai,Ahmedabad,3158,800,DHL,Monsoon,2,7,0,0
Hyderabad,Chennai,1361,800,BlueDart,Summer,6,4,0,0
Ahmedabad,Pune,2831,800,Delhivery,Summer,8,7,0,0
Delhi,Chennai,3837,800,FedEx,Winter,5,1,1,2
Kolkata,Ahmedabad,679,800,DHL,Autumn,1,6,1,2
Chennai,Lucknow,4823,800,Delhivery,Autumn,1,9,0,0
Bangalore,Mumbai,2656,800,DHL,Monsoon,10,3,1,4
Ahmedabad,Bangalore,276,800,DHL,Autumn,9,4,0,0
Hyderabad,Delhi,1448,800,Delhivery,Autumn,4,8,1,3
Ahmedabad,Jaipur,2703,800,DHL,Autumn,10,5,1,4
Kolkata,Pune,1032,800,BlueDart,Winter,1,5,0,0
Hyderabad,Delhi,2047,800,BlueDart,Autumn,8,1,0,0
Kolkata,Ahmedabad,574,800,BlueDart,Monsoon,2,6,0,0
Ahmedabad,Bangalore,1069,800,DTDC,Autumn,2,2,0,0
Delhi,Jaipur,1434,800,DHL,Monsoon,1,1,1,2
Kolkata,Bangalore,4133,1900,DTDC,Winter,1,6,0,0
Hyderabad,Lucknow,229,800,FedEx,Winter,9,5,1,3
Hyderabad,Mumbai,415,800,Delhivery,Monsoon,1,5,0,0
Kolkata,Hyderabad,1647,800,FedEx,Winter,6,9,0,0
Lucknow,Bangalore,2328,800,DTDC,Summer,7,10,1,4
Ahmedabad,Hyderabad,1769,800,BlueDart,Summer,4,10,0,0
Lucknow,Delhi,1684,800,DHL,Summer,5,3,1,2
Pune,Lucknow,801,800,DHL,Summer,4,1,0,0
Ahmedabad,Hyderabad,3592,800,BlueDart,Summer,4,8,0,0
Kolkata,Pune,1319,800,DHL,Winter,10,5,1,4
Mumbai,Hyderabad,3843,800,Delhivery,Monsoon,1,5,1,3
Kolkata,Lucknow,4939,800,Delhivery,Winter,6,8,0,0
Lucknow,Mumbai,4422,800,Delhivery,Autumn,10,8,1,4
Delhi,Hyderabad,1340,800,FedEx,Summer,10,2,1,3
Kolkata,Ahmedabad,4456,800,BlueDart,Summer,7,3,0,0
Kolkata,Pune,520,800,Delhivery,Winter,7,10,0,0
Delhi,Kolkata,2582,1500,DTDC,Autumn,8,10,1,5
Kolkata,Mumbai,3939,800,Delhivery,Winter,7,1,1,3
Chennai,Jaipur,501,800,FedEx,Monsoon,6,3,0,0
Mumbai,Kolkata,1627,800,DTDC,Summer,8,4,1,3
Bangalore,Chennai,2066,350,BlueDart,Winter,3,7,0,0
Mumbai,Pune,1530,800,BlueDart,Monsoon,9,9,1,5
Kolkata,Delhi,1593,1500,Delhivery,Summer,3,5,1,3
Chennai,Jaipur,1585,800,DTDC,Summer,4,1,0,0
Ahmedabad,Hyderabad,3956,800,DTDC,Summer,10,2,1,4
Kolkata,Pune,1771,800,Delhivery,Autumn,6,10,0,0
Lucknow,Kolkata,2001,800,Delhivery,Winter,8,2,0,0
Chennai,Lucknow,3189,800,DHL,Summer,3,9,0,0
Delhi,Hyderabad,3336,800,DHL,Summer,10,10,0,0
Chennai,Hyderabad,1056,800,Delhivery,Monsoon,6,7,1,4
Delhi,Chennai,2902,800,FedEx,Winter,5,2,1,2
Pune,Mumbai,2623,800,DHL,Monsoon,5,1,1,3
Bangalore,Delhi,3902,800,Delhivery,Winter,5,5,0,0
Jaipur,Pune,4154,800,DTDC,Summer,9,1,0,0
Chennai,Mumbai,471,800,DHL,Autumn,7,9,1,4
Hyderabad,Pune,4441,800,FedEx,Monsoon,9,3,1,4
Lucknow,Kolkata,1391,800,BlueDart,Autumn,9,2,1,3
Kolkata,Bangalore,1155,1900,DTDC,Autumn,6,6,0,0
Lucknow,Ahmedabad,3525,800,FedEx,Autumn,6,3,1,3
Mumbai,Lucknow,4464,800,FedEx,Winter,4,5,0,0
Jaipur,Delhi,202,800,FedEx,Winter,8,10,1,4
Mumbai,Jaipur,3544,800,DTDC,Autumn,2,8,1,3
Pune,Lucknow,765,800,FedEx,Summer,5,10,1,3
Jaipur,Bangalore,1694,800,BlueDart,Summer,1,2,0,0
Jaipur,Delhi,2535,800,DHL,Autumn,10,5,1,4
Mumbai,Pune,837,800,DTDC,Monsoon,2,8,1,4
Delhi,Hyderabad,899,800,FedEx,Monsoon,1,1,1,2
Mumbai,Hyderabad,4758,800,Delhivery,Winter,6,10,1,4
Lucknow,Kolkata,2465,800,DHL,Monsoon,2,10,0,0
Delhi,Kolkata,2343,1500,DTDC,Summer,4,4,0,0
Lucknow,Kolkata,4956,800,Delhivery,Autumn,5,5,0,0
Pune,Chennai,120,800,Delhivery,Monsoon,7,10,1,5
Kolkata,Ahmedabad,4725,800,FedEx,Autumn,10,3,0,0
Ahmedabad,Chennai,802,800,DTDC,Monsoon,1,2,0,0
Delhi,Bangalore,4693,800,FedEx,Winter,5,3,1,2
Pune,Lucknow,2653,800,BlueDart,Summer,4,5,0,0
Hyderabad,Delhi,3424,800,Delhivery,Winter,7,7,1,4
Pune,Lucknow,1319,800,BlueDart,Autumn,10,2,1,3
Mumbai,Ahmedabad,306,800,FedEx,Summer,7,7,1,3
Mumbai,Lucknow,1639,800,DHL,Summer,8,6,1,3
Ahmedabad,Lucknow,578,800,Delhivery,Winter,4,7,1,3
Pune,Bangalore,4937,800,DHL,Monsoon,4,7,0,0
Bangalore,Mumbai,4715,800,DTDC,Winter,10,9,1,5
Kolkata,Mumbai,4121,800,Delhivery,Autumn,5,7,0,0
Mumbai,Chennai,81,800,BlueDart,Monsoon,5,6,1,4
Ahmedabad,Kolkata,4375,800,DHL,Winter,3,10,1,3
Kolkata,Bangalore,4392,1900,DTDC,Winter,5,8,0,0
Pune,Lucknow,75,800,Delhivery,Monsoon,5,7,1,4
Pune,Lucknow,889,800,DTDC,Monsoon,8,6,0,0
Jaipur,Bangalore,77,800,BlueDart,Monsoon,7,4,1,4
Ahmedabad,Bangalore,1226,800,Delhivery,Winter,8,7,1,4
Mumbai,Hyderabad,3037,800,DTDC,Monsoon,5,8,1,4
Bangalore,Delhi,3249,800,FedEx,Monsoon,2,8,0,0
Pune,Hyderabad,3490,800,Delhivery,Monsoon,8,4,1,4
Bangalore,Pune,517,800,Delhivery,Summer,9,10,1,4
Pune,Lucknow,3724,800,Delhivery,Autumn,2,9,0,0
Mumbai,Ahmedabad,2894,800,Delhivery,Monsoon,1,3,0,0
Kolkata,Bangalore,1135,1900,FedEx,Autumn,6,9,0,0
Chennai,Hyderabad,895,800,BlueDart,Monsoon,3,3,1,3
Kolkata,Chennai,2851,1660,FedEx,Monsoon,1,7,0,0
Pune,Kolkata,3887,800,FedEx,Summer,6,4,0,0
Lucknow,Pune,4880,800,DTDC,Summer,8,5,1,4
Chennai,Jaipur,2535,800,DHL,Monsoon,9,3,0,0
Chennai,Ahmedabad,935,800,DHL,Monsoon,6,2,1,3
Bangalore,Mumbai,4225,800,DTDC,Monsoon,6,8,1,5
Ahmedabad,Jaipur,1948,800,FedEx,Autumn,1,7,0,0
Bangalore,Jaipur,3824,800,DTDC,Monsoon,5,7,1,4
Bangalore,Delhi,3372,800,Delhivery,Autumn,3,8,0,0
Lucknow,Chennai,4593,800,DTDC,Summer,7,1,0,0
Kolkata,Delhi,3242,1500,DTDC,Autumn,9,8,1,5
Kolkata,Chennai,3754,1660,Delhivery,Monsoon,6,10,0,0
Hyderabad,Pune,3475,800,DHL,Summer,5,5,1,3
Pune,Lucknow,450,800,Delhivery,Winter,7,8,0,0
Lucknow,Pune,3621,800,BlueDart,Summer,9,9,1,4
Hyderabad,Lucknow,471,800,DTDC,Winter,5,2,0,0
Mumbai,Jaipur,621,800,DTDC,Autumn,5,3,0,0
Pune,Delhi,3481,800,DHL,Summer,10,6,0,0
Pune,Ahmedabad,3173,800,FedEx,Summer,4,9,0,0
Jaipur,Delhi,15,800,Delhivery,Summer,5,10,0,0
Jaipur,Delhi,4786,800,FedEx,Autumn,7,10,1,4
Delhi,Kolkata,3980,1500,BlueDart,Monsoon,3,8,0,0
Delhi,Mumbai,2868,800,Delhivery,Autumn,4,6,1,3
Bangalore,Hyderabad,2616,800,BlueDart,Summer,9,5,1,3
Mumbai,Ahmedabad,108,800,BlueDart,Monsoon,2,3,0,0
Chennai,Lucknow,535,800,BlueDart,Summer,8,4,0,0
Chennai,Jaipur,1190,800,Delhivery,Summer,9,7,1,4
Jaipur,Delhi,1699,800,Delhivery,Winter,5,7,1,3
Jaipur,Mumbai,1148,800,DHL,Summer,7,3,1,3
Jaipur,Delhi,4501,800,DTDC,Autumn,6,4,1,3
Lucknow,Ahmedabad,4875,800,FedEx,Autumn,1,3,0,0
Ahmedabad,Chennai,3081,800,FedEx,Autumn,8,2,1,3
Delhi,Hyderabad,2937,800,BlueDart,Monsoon,9,6,1,5
Lucknow,Ahmedabad,2802,800,Delhivery,Winter,10,7,1,4
Kolkata,Bangalore,4788,1900,Delhivery,Winter,1,4,1,3
Chennai,Delhi,24,800,BlueDart,Summer,8,5,0,0
Pune,Ahmedabad,2425,800,DTDC,Summer,3,8,0,0
Delhi,Hyderabad,2695,800,FedEx,Winter,6,9,1,3
Hyderabad,Mumbai,2910,800,DHL,Monsoon,10,7,1,5
Kolkata,Mumbai,1246,800,DTDC,Autumn,8,10,0,0
Delhi,Lucknow,4110,800,Delhivery,Summer,5,1,1,2
Lucknow,Kolkata,3230,800,BlueDart,Winter,8,3,0,0
Mumbai,Delhi,1617,800,FedEx,Monsoon,7,5,1,4
Pune,Ahmedabad,3573,800,BlueDart,Autumn,7,3,0,0
Delhi,Lucknow,3307,800,Delhivery,Summer,7,1,0,0
Ahmedabad,Mumbai,2643,800,BlueDart,Autumn,9,2,0,0
Jaipur,Chennai,3900,800,FedEx,Autumn,6,8,0,0
Jaipur,Bangalore,4274,800,BlueDart,Winter,6,7,0,0
Pune,Kolkata,2818,800,FedEx,Winter,9,10,0,0
Lucknow,Ahmedabad,801,800,BlueDart,Autumn,6,3,0,0
Jaipur,Pune,1009,800,BlueDart,Autumn,7,4,1,3
Delhi,Bangalore,161,800,FedEx,Summer,7,3,1,3
Hyderabad,Pune,3073,800,BlueDart,Monsoon,2,4,1,3
Chennai,Mumbai,4609,800,DTDC,Monsoon,8,8,0,0
Chennai,Pune,2101,800,DHL,Autumn,6,9,1,3
Kolkata,Jaipur,4609,800,DTDC,Winter,4,7,1,3
Bangalore,Delhi,4092,800,DHL,Monsoon,7,9,0,0
Mumbai,Lucknow,4036,800,DTDC,Autumn,8,9,1,4
Pune,Mumbai,2987,800,DHL,Winter,1,7,0,0
Kolkata,Ahmedabad,852,800,BlueDart,Summer,10,7,0,0
Bangalore,Mumbai,4456,800,FedEx,Monsoon,4,8,0,0
Lucknow,Bangalore,3803,800,FedEx,Summer,4,10,0,0
Ahmedabad,Hyderabad,2080,800,Delhivery,Winter,10,3,0,0
Ahmedabad,Bangalore,1669,800,DHL,Autumn,9,8,0,0
Mumbai,Jaipur,607,800,Delhivery,Summer,6,1,1,3
Jaipur,Kolkata,2523,800,Delhivery,Autumn,4,6,0,0
Delhi,Bangalore,4145,800,DHL,Monsoon,1,2,1,2
Kolkata,Chennai,4280,1660,FedEx,Summer,8,7,0,0
Kolkata,Lucknow,3613,800,DHL,Monsoon,9,3,1,4
Pune,Chennai,1226,800,BlueDart,Monsoon,5,10,1,4
Pune,Jaipur,2301,800,Delhivery,Monsoon,5,5,1,4
Ahmedabad,Kolkata,4941,800,Delhivery,Monsoon,10,10,1,6
Ahmedabad,Mumbai,3821,800,DHL,Monsoon,8,2,1,4
Hyderabad,Pune,941,800,Delhivery,Winter,8,1,1,3
Hyderabad,Bangalore,2148,800,FedEx,Summer,5,5,0,0
Jaipur,Pune,4012,800,Delhivery,Autumn,4,9,0,0
Hyderabad,Bangalore,2988,800,DHL,Autumn,6,9,1,3
Delhi,Mumbai,3902,800,FedEx,Winter,10,7,0,0
Delhi,Hyderabad,4605,800,FedEx,Autumn,5,9,1,3
Kolkata,Delhi,2928,1500,Delhivery,Autumn,8,4,0,0
Chennai,Kolkata,2574,1660,DHL,Autumn,9,3,1,4
Delhi,Mumbai,1773,800,Delhivery,Summer,1,4,0,0
Bangalore,Lucknow,2180,800,BlueDart,Autumn,9,7,0,0
Ahmedabad,Hyderabad,345,800,BlueDart,Summer,9,8,1,4
Pune,Jaipur,1186,800,FedEx,Autumn,6,2,0,0
Hyderabad,Chennai,3031,800,Delhivery,Autumn,10,5,1,4
Kolkata,Lucknow,788,800,BlueDart,Summer,5,5,0,0
Mumbai,Bangalore,1195,800,DTDC,Winter,7,9,1,4
Pune,Lucknow,3295,800,BlueDart,Autumn,8,3,1,3
Bangalore,Hyderabad,3457,800,Delhivery,Monsoon,9,6,1,5
Hyderabad,Ahmedabad,4001,800,Delhivery,Monsoon,9,10,1,6
Bangalore,Chennai,2480,350,BlueDart,Winter,10,5,1,3
Ahmedabad,Chennai,948,800,Delhivery,Monsoon,3,2,0,0
Ahmedabad,Hyderabad,4909,800,Delhivery,Summer,8,2,0,0
Jaipur,Ahmedabad,4016,800,DTDC,Autumn,1,4,0,0
Kolkata,Mumbai,1945,800,FedEx,Autumn,7,4,0,0
Pune,Ahmedabad,643,800,Delhivery,Autumn,5,7,0,0
Lucknow,Mumbai,1263,800,DHL,Autumn,2,1,0,0
Lucknow,Kolkata,1092,800,FedEx,Monsoon,2,6,0,0
Pune,Hyderabad,2153,800,FedEx,Monsoon,8,9,1,5
Mumbai,Bangalore,1295,800,DHL,Monsoon,5,2,0,0
Kolkata,Lucknow,363,800,BlueDart,Summer,3,5,1,2
Bangalore,Ahmedabad,1895,800,DTDC,Monsoon,1,10,0,0
Mumbai,Pune,1828,800,Delhivery,Monsoon,7,10,0,0
Chennai,Jaipur,2530,800,BlueDart,Autumn,3,4,0,0
Pune,Mumbai,4018,800,DHL,Monsoon,7,4,0,0
Bangalore,Jaipur,3032,800,DTDC,Winter,2,8,0,0
Lucknow,Chennai,2594,800,DTDC,Winter,4,6,0,0
Delhi,Jaipur,1557,800,DTDC,Autumn,2,7,1,3
Jaipur,Hyderabad,4028,800,DHL,Monsoon,4,9,0,0
Lucknow,Jaipur,4214,800,BlueDart,Winter,5,3,1,2
Kolkata,Chennai,1378,1660,Delhivery,Winter,8,2,0,0
Ahmedabad,Delhi,3347,800,DTDC,Summer,2,3,0,0
Delhi,Bangalore,1767,800,DTDC,Autumn,10,8,1,4
Jaipur,Kolkata,1527,800,BlueDart,Winter,3,9,1,3
Jaipur,Lucknow,4927,800,DTDC,Winter,10,10,1,5
Chennai,Bangalore,3494,350,DTDC,Autumn,5,5,0,0
Chennai,Jaipur,3695,800,DHL,Monsoon,9,8,1,5
Hyderabad,Chennai,3062,800,FedEx,Autumn,10,7,0,0
Lucknow,Hyderabad,2706,800,BlueDart,Summer,5,9,0,0
Lucknow,Hyderabad,200,800,BlueDart,Summer,9,4,0,0
Lucknow,Bangalore,942,800,BlueDart,Summer,4,10,0,0
Hyderabad,Kolkata,4247,800,DHL,Winter,10,3,0,0
Mumbai,Chennai,3248,800,DHL,Monsoon,5,9,1,4
Jaipur,Mumbai,2225,800,Delhivery,Summer,9,8,1,4
Delhi,Pune,575,800,DHL,Autumn,4,7,0,0
Kolkata,Chennai,1144,1660,BlueDart,Summer,5,1,1,3
Jaipur,Ahmedabad,753,800,Delhivery,Winter,5,2,0,0
Chennai,Bangalore,682,350,FedEx,Summer,4,9,1,3
Bangalore,Hyderabad,2921,800,DTDC,Monsoon,4,5,1,4
Ahmedabad,Kolkata,540,800,DTDC,Summer,5,1,1,2
Hyderabad,Delhi,3031,800,Delhivery,Monsoon,6,9,0,0
Pune,Delhi,571,800,FedEx,Monsoon,7,1,1,4
Bangalore,Kolkata,311,1900,DTDC,Autumn,6,8,1,4
Kolkata,Chennai,3777,1660,Delhivery,Monsoon,1,5,0,0
Lucknow,Chennai,4290,800,DHL,Winter,2,6,0,0
Chennai,Ahmedabad,519,800,BlueDart,Winter,7,1,0,0
Chennai,Delhi,3455,800,FedEx,Monsoon,3,2,1,3
Chennai,Ahmedabad,2213,800,DTDC,Monsoon,10,7,1,5
Lucknow,Ahmedabad,2844,800,BlueDart,Summer,2,2,0,0
Pune,Bangalore,804,800,Delhivery,Summer,6,5,0,0
Hyderabad,Jaipur,2489,800,DTDC,Autumn,4,9,0,0
Bangalore,Delhi,1533,800,BlueDart,Summer,5,5,0,0
Lucknow,Pune,4866,800,DHL,Winter,6,3,1,3
Kolkata,Hyderabad,2204,800,FedEx,Summer,3,6,0,0
Hyderabad,Delhi,2538,800,Delhivery,Autumn,1,7,0,0
Kolkata,Pune,444,800,DTDC,Autumn,3,10,1,3
Hyderabad,Delhi,2048,800,DHL,Monsoon,3,10,0,0
Pune,Hyderabad,1716,800,FedEx,Autumn,6,8,1,3
Ahmedabad,Bangalore,78,800,FedEx,Monsoon,4,3,0,0
Kolkata,Lucknow,1914,800,DHL,Winter,7,4,1,3
Lucknow,Bangalore,3969,800,DTDC,Winter,2,10,1,3
Hyderabad,Bangalore,2961,800,FedEx,Summer,4,4,0,0
Chennai,Hyderabad,4659,800,Delhivery,Autumn,8,2,0,0
Jaipur,Ahmedabad,2723,800,BlueDart,Winter,6,7,1,3
Chennai,Jaipur,3379,800,Delhivery,Monsoon,10,4,1,5
Mumbai,Pune,4605,800,FedEx,Autumn,3,4,0,0
Ahmedabad,Lucknow,3737,800,BlueDart,Autumn,10,8,0,0
Ahmedabad,Kolkata,2414,800,DHL,Monsoon,2,6,1,3
Chennai,Bangalore,3335,350,BlueDart,Autumn,3,6,0,0
Bangalore,Ahmedabad,3556,800,BlueDart,Autumn,1,9,1,2
Pune,Kolkata,2313,800,BlueDart,Winter,1,4,0,0
Kolkata,Chennai,3691,1660,FedEx,Monsoon,2,9,0,0
Lucknow,Delhi,3231,800,DTDC,Winter,3,1,1,2
Ahmedabad,Pune,4384,800,FedEx,Monsoon,9,9,1,5
Chennai,Hyderabad,1092,800,DTDC,Summer,8,1,1,3
Chennai,Kolkata,455,1660,DHL,Autumn,9,7,1,4
Pune,Jaipur,4941,800,DHL,Autumn,7,6,0,0
Pune,Lucknow,4860,800,DHL,Winter,7,7,1,3
Delhi,Lucknow,1602,800,DHL,Autumn,5,9,0,0
Delhi,Chennai,2785,800,DHL,Autumn,7,10,1,4
Bangalore,Chennai,3826,350,Delhivery,Winter,4,4,0,0
Bangalore,Hyderabad,3063,800,FedEx,Winter,5,9,1,3
Mumbai,Hyderabad,1600,800,DTDC,Monsoon,1,3,1,3
Bangalore,Delhi,2241,800,DHL,Summer,4,10,0,0
Hyderabad,Mumbai,1571,800,Delhivery,Winter,3,9,0,0
Pune,Jaipur,4282,800,Delhivery,Monsoon,2,1,0,0
Lucknow,Bangalore,3656,800,Delhivery,Winter,2,5,0,0
Hyderabad,Mumbai,4952,800,FedEx,Monsoon,8,10,1,5
Kolkata,Mumbai,3248,800,DHL,Summer,1,5,0,0
Chennai,Delhi,1610,800,Delhivery,Monsoon,8,1,1,4
Bangalore,Ahmedabad,2066,800,Delhivery,Monsoon,9,1,1,4
Chennai,Ahmedabad,4341,800,DHL,Autumn,6,3,0,0
Ahmedabad,Bangalore,719,800,FedEx,Winter,1,9,0,0
Mumbai,Kolkata,2981,800,Delhivery,Monsoon,10,7,1,5
Ahmedabad,Delhi,2742,800,DTDC,Winter,7,6,0,0
Mumbai,Bangalore,803,800,BlueDart,Monsoon,5,9,0,0
Delhi,Pune,3109,800,BlueDart,Autumn,9,4,0,0
Chennai,Mumbai,2865,800,BlueDart,Autumn,7,4,0,0
Mumbai,Pune,36,800,FedEx,Summer,5,3,1,2
Jaipur,Mumbai,3277,800,Delhivery,Monsoon,2,5,1,3
Hyderabad,Ahmedabad,94,800,BlueDart,Autumn,4,5,0,0
Mumbai,Chennai,3111,800,BlueDart,Winter,2,10,0,0
Mumbai,Jaipur,1132,800,DHL,Monsoon,9,7,0,0
Hyderabad,Ahmedabad,21,800,Delhivery,Monsoon,2,7,0,0
Chennai,Delhi,1758,800,Delhivery,Summer,2,6,1,2
Chennai,Jaipur,3119,800,DHL,Winter,2,4,1,2
Hyderabad,Kolkata,1886,800,Delhivery,Summer,1,7,0,0
Ahmedabad,Jaipur,2629,800,DTDC,Monsoon,9,2,1,4
Jaipur,Pune,189,800,FedEx,Summer,8,9,0,0
Lucknow,Hyderabad,806,800,DHL,Monsoon,2,7,1,3
Kolkata,Delhi,3823,1500,BlueDart,Monsoon,2,2,0,0
Jaipur,Pune,2034,800,Delhivery,Summer,5,10,0,0
Chennai,Ahmedabad,3227,800,DTDC,Summer,4,2,0,0
Lucknow,Hyderabad,896,800,DTDC,Monsoon,2,6,1,4
Delhi,Jaipur,2478,800,FedEx,Summer,8,7,0,0
Bangalore,Mumbai,3397,800,DTDC,Summer,8,9,1,4
Mumbai,Bangalore,1529,800,Delhivery,Monsoon,4,4,0,0
Hyderabad,Lucknow,2442,800,Delhivery,Winter,4,8,0,0
Hyderabad,Jaipur,4876,800,DTDC,Summer,9,10,1,4
Mumbai,Pune,926,800,Delhivery,Summer,4,2,0,0
Bangalore,Pune,2080,800,Delhivery,Autumn,10,6,1,4
Kolkata,Hyderabad,3986,800,BlueDart,Winter,9,4,0,0
Bangalore,Delhi,1791,800,DHL,Summer,3,8,1,3
Lucknow,Hyderabad,348,800,Delhivery,Monsoon,2,9,1,4
Bangalore,Chennai,1526,350,Delhivery,Autumn,8,2,0,0
Lucknow,Chennai,2880,800,FedEx,Autumn,3,7,0,0
Bangalore,Delhi,3592,800,DHL,Autumn,2,7,0,0
Kolkata,Delhi,924,1500,DHL,Summer,8,8,1,4
Kolkata,Jaipur,3300,800,DHL,Monsoon,8,5,1,4
Chennai,Jaipur,4580,800,DTDC,Autumn,5,3,1,3
Mumbai,Ahmedabad,1456,800,BlueDart,Winter,9,1,0,0
Kolkata,Hyderabad,1389,800,BlueDart,Autumn,6,4,1,3
Lucknow,Pune,1493,800,FedEx,Autumn,5,3,0,0
Kolkata,Chennai,2084,1660,DHL,Winter,3,2,1,2
Chennai,Kolkata,810,1660,DHL,Autumn,7,6,0,0
Hyderabad,Kolkata,1256,800,Delhivery,Autumn,9,7,0,0
Lucknow,Mumbai,4969,800,DTDC,Winter,4,10,0,0
Chennai,Mumbai,2747,800,DTDC,Summer,7,7,1,4
Ahmedabad,Delhi,3505,800,FedEx,Winter,3,8,0,0
Ahmedabad,Jaipur,4844,800,BlueDart,Summer,2,2,0,0
Delhi,Pune,3267,800,DHL,Summer,1,10,0,0
Bangalore,Lucknow,3887,800,FedEx,Summer,6,6,1,3
Mumbai,Hyderabad,991,800,DTDC,Winter,5,6,1,3
Pune,Delhi,2486,800,DTDC,Winter,2,10,0,0
Jaipur,Ahmedabad,2098,800,DTDC,Summer,3,1,0,0
Chennai,Jaipur,2962,800,DHL,Winter,9,2,0,0
Hyderabad,Pune,1021,800,DHL,Summer,3,9,0,0
Jaipur,Ahmedabad,3474,800,DHL,Winter,7,8,1,3
Hyderabad,Kolkata,2760,800,Delhivery,Monsoon,1,4,0,0
Jaipur,Delhi,2136,800,BlueDart,Winter,7,6,1,3
Chennai,Ahmedabad,4822,800,DTDC,Winter,9,2,0,0
Pune,Chennai,3871,800,DTDC,Winter,8,5,0,0
Jaipur,Delhi,2601,800,Delhivery,Summer,7,2,0,0
Chennai,Lucknow,1483,800,DTDC,Summer,10,5,1,4
Kolkata,Pune,2531,800,DTDC,Monsoon,8,7,0,0
Pune,Hyderabad,1175,800,DHL,Monsoon,4,7,0,0
Lucknow,Kolkata,3332,800,DHL,Autumn,2,9,0,0
Hyderabad,Bangalore,619,800,BlueDart,Monsoon,9,3,0,0
Ahmedabad,Chennai,2193,800,DTDC,Summer,3,4,0,0
Bangalore,Chennai,2541,350,FedEx,Monsoon,4,9,1,4
Ahmedabad,Jaipur,2871,800,DTDC,Monsoon,7,8,1,5
Pune,Bangalore,4660,800,DTDC,Winter,2,7,0,0
Lucknow,Ahmedabad,1665,800,BlueDart,Monsoon,8,8,1,5
Hyderabad,Pune,1765,800,FedEx,Autumn,10,9,1,4
Lucknow,Ahmedabad,55,800,DTDC,Winter,8,4,1,3
Jaipur,Ahmedabad,1269,800,FedEx,Summer,5,5,1,3
Hyderabad,Delhi,4648,800,DHL,Autumn,9,9,0,0
Jaipur,Bangalore,3242,800,DHL,Summer,8,7,1,4
Chennai,Lucknow,1461,800,FedEx,Autumn,1,4,1,2
Pune,Bangalore,2128,800,DTDC,Winter,9,6,1,4
Chennai,Delhi,2577,800,FedEx,Autumn,5,1,1,2
Delhi,Lucknow,2002,800,FedEx,Autumn,9,1,0,0
Lucknow,Jaipur,3133,800,DHL,Monsoon,9,9,1,5
Jaipur,Chennai,2350,800,FedEx,Summer,10,8,1,4
Kolkata,Lucknow,4917,800,Delhivery,Winter,10,1,0,0
Chennai,Bangalore,1498,350,Delhivery,Autumn,3,2,0,0
Delhi,Pune,1583,800,DHL,Summer,8,4,0,0
Mumbai,Pune,4972,800,DTDC,Summer,7,1,0,0
Ahmedabad,Jaipur,2437,800,DTDC,Monsoon,7,2,1,4
Hyderabad,Chennai,1776,800,DHL,Summer,10,5,0,0
Delhi,Chennai,3559,800,DTDC,Winter,2,8,0,0
Pune,Bangalore,2319,800,BlueDart,Monsoon,2,6,0,0
Chennai,Hyderabad,4685,800,Delhivery,Autumn,2,6,0,0
Pune,Mumbai,2414,800,BlueDart,Winter,2,4,0,0
Ahmedabad,Bangalore,1452,800,BlueDart,Winter,4,2,0,0
Kolkata,Ahmedabad,4803,800,BlueDart,Winter,7,3,0,0
Lucknow,Bangalore,1986,800,DHL,Monsoon,2,6,0,0
Lucknow,Kolkata,3983,800,BlueDart,Summer,5,6,0,0
Pune,Lucknow,2500,800,FedEx,Winter,7,5,0,0
Jaipur,Delhi,735,800,DTDC,Summer,9,6,1,4
Kolkata,Delhi,3813,1500,DHL,Summer,8,6,1,4
Lucknow,Hyderabad,4391,800,FedEx,Winter,9,1,1,3
Kolkata,Ahmedabad,3837,800,FedEx,Summer,7,6,1,3
Delhi,Jaipur,4675,800,Delhivery,Monsoon,3,5,1,4
Kolkata,Delhi,3629,1500,Delhivery,Monsoon,1,8,1,4
Bangalore,Lucknow,2897,800,FedEx,Autumn,10,9,1,4
Ahmedabad,Delhi,507,800,Delhivery,Summer,7,6,0,0
Lucknow,Mumbai,3986,800,DTDC,Summer,6,10,1,4
Kolkata,Delhi,714,1500,DTDC,Autumn,2,4,1,3
Pune,Ahmedabad,4667,800,Delhivery,Monsoon,1,3,0,0
Mumbai,Jaipur,4137,800,BlueDart,Autumn,10,10,0,0
Bangalore,Hyderabad,3691,800,FedEx,Autumn,4,1,0,0
Bangalore,Ahmedabad,4148,800,DTDC,Autumn,4,7,1,3
Jaipur,Mumbai,1926,800,Delhivery,Summer,6,5,1,3
Kolkata,Ahmedabad,1384,800,Delhivery,Summer,5,4,1,3
Jaipur,Pune,1855,800,DTDC,Summer,9,9,1,4
Jaipur,Bangalore,4664,800,DTDC,Summer,8,7,0,0
Mumbai,Delhi,1446,800,BlueDart,Winter,9,10,0,0
Delhi,Kolkata,3100,1500,Delhivery,Autumn,10,8,1,5
Kolkata,Mumbai,1380,800,Delhivery,Autumn,7,4,1,3
Chennai,Jaipur,1938,800,DHL,Summer,9,10,1,4
Lucknow,Kolkata,1646,800,BlueDart,Monsoon,3,10,1,4
Jaipur,Mumbai,101,800,DTDC,Winter,9,8,1,4
Ahmedabad,Jaipur,1853,800,DTDC,Winter,2,4,0,0
Hyderabad,Lucknow,194,800,FedEx,Monsoon,9,1,0,0
Ahmedabad,Delhi,4833,800,DTDC,Summer,6,8,1,4
Mumbai,Lucknow,1581,800,Delhivery,Winter,4,1,0,0
Mumbai,Jaipur,841,800,DTDC,Winter,2,3,0,0
Pune,Ahmedabad,4450,800,Delhivery,Autumn,10,7,1,4
Delhi,Chennai,2135,800,Delhivery,Autumn,3,3,1,2
Lucknow,Delhi,4272,800,BlueDart,Summer,5,8,1,3
Jaipur,Ahmedabad,273,800,DTDC,Summer,9,5,0,0
Ahmedabad,Kolkata,1296,800,BlueDart,Autumn,7,3,1,3
Hyderabad,Ahmedabad,1539,800,Delhivery,Autumn,3,5,1,3
Mumbai,Kolkata,1818,800,DTDC,Autumn,4,5,0,0
Mumbai,Bangalore,1887,800,DTDC,Monsoon,2,8,1,4
Delhi,Lucknow,1759,800,BlueDart,Winter,8,9,1,4
Hyderabad,Bangalore,1919,800,BlueDart,Summer,6,6,0,0
Hyderabad,Pune,2633,800,Delhivery,Summer,3,10,0,0
Delhi,Jaipur,1207,800,Delhivery,Monsoon,5,3,1,4
Mumbai,Bangalore,2488,800,DTDC,Autumn,5,2,1,3
Lucknow,Hyderabad,4873,800,DTDC,Winter,1,3,0,0
Kolkata,Jaipur,2520,800,DHL,Autumn,5,9,0,0
Kolkata,Pune,110,800,DHL,Summer,6,7,0,0
Delhi,Chennai,3097,800,FedEx,Monsoon,10,9,1,5
Hyderabad,Mumbai,1929,800,Delhivery,Winter,10,6,0,0
Jaipur,Hyderabad,2301,800,FedEx,Winter,2,8,0,0
Delhi,Jaipur,3330,800,FedEx,Winter,3,10,0,0
Lucknow,Hyderabad,114,800,BlueDart,Winter,10,9,1,4
Delhi,Hyderabad,703,800,BlueDart,Monsoon,5,3,1,3
Bangalore,Jaipur,3250,800,DHL,Summer,3,7,1,2
Ahmedabad,Delhi,3501,800,FedEx,Winter,5,9,1,3
Hyderabad,Mumbai,3402,800,DHL,Winter,5,2,0,0
Pune,Mumbai,4923,800,Delhivery,Summer,8,7,1,4
Pune,Chennai,2278,800,DTDC,Autumn,10,5,1,4
Hyderabad,Ahmedabad,3793,800,BlueDart,Winter,9,8,1,4
Lucknow,Jaipur,3522,800,Delhivery,Winter,8,4,0,0
Bangalore,Mumbai,899,800,Delhivery,Autumn,3,1,1,2
Bangalore,Mumbai,799,800,BlueDart,Summer,1,10,0,0
Mumbai,Hyderabad,4658,800,BlueDart,Summer,3,8,0,0
Ahmedabad,Kolkata,4949,800,FedEx,Winter,1,6,1,2
Kolkata,Hyderabad,668,800,DHL,Summer,9,8,1,4
Chennai,Ahmedabad,1028,800,Delhivery,Autumn,3,3,0,0
Lucknow,Pune,1963,800,FedEx,Monsoon,8,8,1,5
Chennai,Bangalore,1200,350,FedEx,Autumn,6,8,1,3
Chennai,Lucknow,3716,800,Delhivery,Autumn,3,1,0,0
Hyderabad,Mumbai,3667,800,Delhivery,Monsoon,9,4,1,5
Pune,Chennai,4856,800,DTDC,Autumn,8,7,1,4
Pune,Lucknow,2306,800,DHL,Winter,3,1,0,0
Kolkata,Jaipur,784,800,Delhivery,Winter,7,3,0,0
Hyderabad,Lucknow,2821,800,BlueDart,Summer,5,3,0,0
Chennai,Mumbai,1390,800,DTDC,Summer,2,6,0,0
Jaipur,Lucknow,3192,800,DHL,Autumn,8,5,0,0
Pune,Bangalore,4797,800,BlueDart,Winter,1,7,0,0
Lucknow,Jaipur,4824,800,BlueDart,Winter,4,3,0,0
Lucknow,Mumbai,4339,800,DHL,Monsoon,4,1,0,0
Mumbai,Delhi,3107,800,DTDC,Summer,10,3,1,4
Delhi,Lucknow,1414,800,BlueDart,Winter,5,8,0,0
Jaipur,Hyderabad,3811,800,FedEx,Autumn,4,5,0,0
Pune,Chennai,1379,800,DHL,Winter,1,3,0,0
Bangalore,Pune,2074,800,DHL,Summer,7,8,1,3
Pune,Kolkata,2302,800,Delhivery,Autumn,10,6,0,0
Mumbai,Pune,2775,800,DTDC,Summer,2,3,1,2
Lucknow,Pune,2827,800,FedEx,Winter,10,5,1,4
Chennai,Jaipur,726,800,FedEx,Winter,3,1,0,0
Bangalore,Mumbai,4050,800,Delhivery,Winter,5,6,0,0
Hyderabad,Jaipur,1721,800,BlueDart,Summer,8,9,0,0
Ahmedabad,Hyderabad,1235,800,BlueDart,Autumn,10,7,1,4
Chennai,Kolkata,18,1660,FedEx,Winter,8,8,1,4
Ahmedabad,Jaipur,607,800,DTDC,Winter,2,6,0,0
Jaipur,Bangalore,4128,800,BlueDart,Winter,9,5,1,3
Delhi,Kolkata,1618,1500,DHL,Monsoon,6,6,0,0
Bangalore,Ahmedabad,3041,800,Delhivery,Monsoon,9,7,1,5
Kolkata,Pune,3677,800,DTDC,Autumn,4,9,1,3
Bangalore,Kolkata,2256,1900,BlueDart,Summer,3,8,0,0
Pune,Chennai,3636,800,FedEx,Winter,5,5,1,3
Lucknow,Ahmedabad,4081,800,Delhivery,Winter,5,7,0,0
Pune,Hyderabad,2832,800,BlueDart,Summer,4,8,1,3
Pune,Jaipur,101,800,FedEx,Summer,7,1,1,2
Jaipur,Mumbai,860,800,BlueDart,Autumn,8,8,0,0
Chennai,Pune,1117,800,Delhivery,Summer,5,7,1,3
Kolkata,Pune,309,800,DHL,Winter,9,2,0,0
Kolkata,Pune,2353,800,DHL,Autumn,7,2,0,0
Pune,Ahmedabad,1487,800,FedEx,Monsoon,7,6,0,0
Ahmedabad,Jaipur,1092,800,DHL,Autumn,8,3,0,0
Jaipur,Lucknow,2966,800,Delhivery,Autumn,4,1,0,0
Pune,Lucknow,2928,800,FedEx,Autumn,10,8,1,4
Delhi,Bangalore,1375,800,BlueDart,Summer,6,7,0,0
Lucknow,Ahmedabad,2810,800,DTDC,Winter,5,4,0,0
Chennai,Pune,3546,800,BlueDart,Summer,1,1,0,0
Hyderabad,Chennai,3961,800,Delhivery,Winter,9,2,1,3
Delhi,Lucknow,2119,800,FedEx,Summer,2,9,1,3
Ahmedabad,Jaipur,785,800,BlueDart,Autumn,6,4,1,3
Bangalore,Mumbai,1462,800,FedEx,Winter,8,3,1,3
Bangalore,Delhi,1691,800,DHL,Summer,3,8,1,3
Delhi,Bangalore,2313,800,DTDC,Autumn,5,4,0,0
Pune,Jaipur,1861,800,Delhivery,Monsoon,7,7,1,5
Hyderabad,Mumbai,1907,800,BlueDart,Summer,4,5,0,0
Mumbai,Kolkata,3428,800,DTDC,Summer,5,5,0,0
Mumbai,Hyderabad,3607,800,Delhivery,Monsoon,1,6,1,3
Ahmedabad,Lucknow,1337,800,Delhivery,Summer,4,4,1,3
Pune,Ahmedabad,624,800,DHL,Monsoon,7,2,1,4
Kolkata,Jaipur,254,800,FedEx,Winter,10,6,1,4
Kolkata,Lucknow,766,800,FedEx,Monsoon,7,5,0,0
Chennai,Pune,833,800,DTDC,Autumn,10,3,1,4
Hyderabad,Kolkata,2837,800,DHL,Monsoon,10,4,1,5
Hyderabad,Kolkata,3817,800,Delhivery,Winter,4,3,0,0
Bangalore,Ahmedabad,2789,800,DHL,Monsoon,6,3,0,0
Jaipur,Kolkata,1856,800,DHL,Monsoon,5,4,1,4
Ahmedabad,Lucknow,1250,800,DTDC,Winter,1,2,0,0
Mumbai,Chennai,4621,800,FedEx,Summer,8,4,0,0
Ahmedabad,Bangalore,483,800,DHL,Summer,7,10,1,4
Kolkata,Pune,4141,800,DHL,Autumn,5,2,0,0
Kolkata,Pune,3259,800,DHL,Autumn,10,10,1,4
Delhi,Ahmedabad,1802,800,BlueDart,Monsoon,10,8,1,5
Chennai,Bangalore,1744,350,DHL,Summer,7,10,1,3
Hyderabad,Pune,4935,800,DHL,Summer,10,5,1,4
Lucknow,Kolkata,3952,800,Delhivery,Monsoon,3,7,1,4
Ahmedabad,Pune,954,800,BlueDart,Winter,8,4,0,0
Kolkata,Delhi,1521,1500,DHL,Summer,5,10,0,0
Jaipur,Hyderabad,4091,800,DHL,Autumn,2,6,0,0
Bangalore,Jaipur,4536,800,DTDC,Monsoon,2,10,1,4
Mumbai,Delhi,868,800,DTDC,Winter,4,4,0,0
Chennai,Kolkata,3570,1660,BlueDart,Autumn,7,6,1,4
Jaipur,Mumbai,239,800,Delhivery,Summer,10,1,1,3
Chennai,Mumbai,2427,800,BlueDart,Winter,4,6,0,0
Delhi,Jaipur,187,800,BlueDart,Autumn,9,6,1,4
Lucknow,Ahmedabad,3938,800,DTDC,Monsoon,2,2,1,3
Kolkata,Mumbai,2625,800,DTDC,Winter,6,10,0,0
Bangalore,Delhi,1623,800,Delhivery,Winter,4,10,1,3
Jaipur,Chennai,2850,800,DHL,Monsoon,6,9,1,4
Chennai,Mumbai,2957,800,Delhivery,Summer,10,6,1,4
Hyderabad,Bangalore,1784,800,DHL,Summer,9,7,0,0
Delhi,Jaipur,3881,800,FedEx,Winter,10,2,0,0
Hyderabad,Jaipur,91,800,DTDC,Winter,9,2,0,0
Bangalore,Jaipur,855,800,FedEx,Winter,9,2,1,3
Jaipur,Hyderabad,2819,800,FedEx,Autumn,9,10,0,0
Delhi,Ahmedabad,1226,800,DTDC,Winter,3,9,1,3
Jaipur,Kolkata,4723,800,FedEx,Summer,9,3,0,0
Kolkata,Lucknow,3270,800,BlueDart,Monsoon,3,4,0,0
Pune,Chennai,3155,800,DHL,Monsoon,10,1,1,4
Delhi,Pune,2273,800,Delhivery,Monsoon,3,1,0,0
Hyderabad,Mumbai,2347,800,DTDC,Winter,5,4,0,0
Bangalore,Lucknow,454,800,BlueDart,Winter,6,2,1,2
Lucknow,Ahmedabad,932,800,Delhivery,Monsoon,9,8,1,5
Kolkata,Lucknow,4298,800,Delhivery,Autumn,1,4,0,0
Pune,Ahmedabad,4394,800,Delhivery,Autumn,8,3,0,0
Lucknow,Delhi,2640,800,FedEx,Autumn,4,3,0,0
Mumbai,Ahmedabad,1177,800,FedEx,Autumn,10,6,0,0
Kolkata,Chennai,3973,1660,FedEx,Summer,7,6,0,0
Bangalore,Chennai,3451,350,FedEx,Monsoon,6,6,0,0
Chennai,Delhi,3522,800,BlueDart,Summer,6,6,1,3
Delhi,Ahmedabad,905,800,FedEx,Winter,7,8,1,3
Jaipur,Pune,3732,800,DTDC,Autumn,4,8,0,0
Bangalore,Ahmedabad,2070,800,Delhivery,Autumn,6,9,0,0
Delhi,Lucknow,3044,800,BlueDart,Monsoon,3,1,1,3
Lucknow,Kolkata,2397,800,FedEx,Autumn,5,10,0,0
Jaipur,Delhi,1907,800,Delhivery,Monsoon,2,8,0,0
Ahmedabad,Jaipur,1809,800,BlueDart,Winter,3,5,0,0
Hyderabad,Lucknow,4417,800,Delhivery,Autumn,9,3,0,0
Mumbai,Kolkata,2790,800,BlueDart,Autumn,6,10,0,0
Kolkata,Ahmedabad,1137,800,DHL,Summer,3,3,0,0
Bangalore,Jaipur,348,800,BlueDart,Monsoon,2,6,0,0
Mumbai,Lucknow,4464,800,FedEx,Monsoon,5,8,1,4
Chennai,Hyderabad,1182,800,Delhivery,Autumn,10,10,1,5
Delhi,Ahmedabad,2818,800,Delhivery,Summer,5,2,1,3
Delhi,Kolkata,4873,1500,Delhivery,Autumn,1,9,1,3
Bangalore,Hyderabad,3039,800,DTDC,Monsoon,3,5,0,0
Pune,Ahmedabad,2099,800,DTDC,Monsoon,7,5,0,0
Pune,Lucknow,4307,800,FedEx,Autumn,9,1,0,0
Ahmedabad,Hyderabad,3027,800,DHL,Winter,5,6,0,0
Hyderabad,Ahmedabad,4569,800,DTDC,Autumn,4,5,1,3
Jaipur,Pune,458,800,BlueDart,Summer,3,7,0,0
Chennai,Kolkata,4903,1660,FedEx,Monsoon,10,7,1,6
Mumbai,Chennai,803,800,DHL,Monsoon,9,4,1,4
Pune,Ahmedabad,446,800,BlueDart,Autumn,7,5,0,0
Ahmedabad,Kolkata,4636,800,Delhivery,Winter,7,10,1,4
Ahmedabad,Delhi,4670,800,DTDC,Monsoon,8,8,1,5
Bangalore,Delhi,1630,800,BlueDart,Autumn,10,2,1,3
Chennai,Ahmedabad,3511,800,DHL,Winter,1,1,0,0
Lucknow,Pune,2929,800,FedEx,Autumn,4,6,0,0
Jaipur,Mumbai,4318,800,BlueDart,Autumn,5,4,0,0
Hyderabad,Ahmedabad,958,800,FedEx,Autumn,5,10,0,0
Kolkata,Delhi,3954,1500,Delhivery,Monsoon,1,3,1,3
Bangalore,Delhi,1137,800,DHL,Winter,3,7,1,2
Jaipur,Ahmedabad,201,800,DHL,Summer,2,8,1,2
Kolkata,Mumbai,4022,800,DTDC,Summer,7,4,1,3
Kolkata,Ahmedabad,3770,800,DHL,Monsoon,5,10,0,0
Chennai,Pune,3740,800,BlueDart,Monsoon,3,6,0,0
Chennai,Jaipur,1413,800,BlueDart,Autumn,8,2,1,3
Mumbai,Pune,2000,800,BlueDart,Autumn,1,8,1,2
Ahmedabad,Hyderabad,1114,800,Delhivery,Winter,1,6,0,0
Jaipur,Lucknow,4810,800,DHL,Autumn,6,9,0,0
Bangalore,Chennai,558,350,DHL,Winter,1,6,0,0
Delhi,Ahmedabad,3458,800,BlueDart,Autumn,4,6,1,3
Bangalore,Kolkata,1871,1900,DTDC,Autumn,6,2,0,0
Mumbai,Bangalore,4259,800,DTDC,Summer,1,5,0,0
Hyderabad,Mumbai,580,800,DHL,Monsoon,9,9,0,0
Ahmedabad,Mumbai,1794,800,DHL,Winter,4,1,1,2
Delhi,Chennai,2297,800,FedEx,Summer,9,4,1,3
Pune,Chennai,2431,800,DHL,Autumn,9,10,0,0
Hyderabad,Delhi,3982,800,BlueDart,Summer,6,10,1,4
Chennai,Mumbai,814,800,Delhivery,Winter,7,3,0,0
Kolkata,Chennai,808,1660,DHL,Monsoon,1,1,1,3
Pune,Ahmedabad,3285,800,DHL,Summer,5,1,1,2
Bangalore,Ahmedabad,620,800,BlueDart,Winter,3,1,0,0
Bangalore,Ahmedabad,1816,800,FedEx,Autumn,10,1,1,3
Chennai,Lucknow,4248,800,DHL,Summer,10,2,1,3
Mumbai,Bangalore,3270,800,DTDC,Monsoon,6,5,1,4
Jaipur,Chennai,4377,800,DTDC,Winter,4,2,0,0
Pune,Kolkata,3381,800,DTDC,Monsoon,9,4,1,5
Pune,Mumbai,2483,800,Delhivery,Autumn,7,9,0,0
Lucknow,Pune,2103,800,Delhivery,Monsoon,4,3,0,0
Hyderabad,Jaipur,2152,800,DHL,Autumn,6,2,0,0
Ahmedabad,Hyderabad,4011,800,DHL,Autumn,2,4,0,0
Hyderabad,Kolkata,3090,800,DHL,Summer,3,9,0,0
Jaipur,Pune,4564,800,Delhivery,Autumn,7,4,1,3
Bangalore,Chennai,1442,350,DHL,Monsoon,4,5,0,0
Bangalore,Chennai,2527,350,BlueDart,Summer,10,4,0,0
Bangalore,Delhi,2867,800,FedEx,Autumn,7,8,0,0
Lucknow,Kolkata,515,800,DTDC,Winter,9,4,1,4
Bangalore,Chennai,1106,350,DTDC,Winter,5,2,0,0
Jaipur,Bangalore,4189,800,BlueDart,Autumn,1,4,0,0
Chennai,Ahmedabad,4164,800,DHL,Summer,5,2,0,0
Ahmedabad,Jaipur,1054,800,Delhivery,Summer,6,9,0,0
Jaipur,Delhi,2214,800,DHL,Summer,2,8,0,0
Ahmedabad,Chennai,3912,800,DHL,Monsoon,8,9,1,5
Jaipur,Ahmedabad,1362,800,DTDC,Winter,2,4,0,0
Bangalore,Mumbai,1606,800,DTDC,Autumn,9,1,0,0
Chennai,Mumbai,585,800,Delhivery,Autumn,2,3,0,0
Pune,Ahmedabad,689,800,DTDC,Winter,3,7,0,0
Hyderabad,Pune,4308,800,DHL,Monsoon,8,1,1,4
Kolkata,Mumbai,3722,800,BlueDart,Summer,6,8,1,3
Chennai,Mumbai,3838,800,Delhivery,Winter,1,9,1,3
Pune,Chennai,1139,800,BlueDart,Autumn,4,8,1,3
Mumbai,Hyderabad,3914,800,DHL,Monsoon,5,5,0,0
Jaipur,Kolkata,3203,800,Delhivery,Autumn,3,9,1,3
Mumbai,Kolkata,327,800,BlueDart,Summer,1,4,0,0
Pune,Jaipur,3706,800,Delhivery,Winter,3,9,0,0
Chennai,Pune,4511,800,DHL,Summer,9,1,1,3
Jaipur,Lucknow,3006,800,Delhivery,Monsoon,2,3,1,3
Kolkata,Pune,3604,800,DHL,Winter,1,4,0,0
Bangalore,Mumbai,3219,800,Delhivery,Summer,7,10,1,4
Jaipur,Ahmedabad,2552,800,Delhivery,Summer,7,1,0,0
Jaipur,Mumbai,688,800,DTDC,Summer,5,6,0,0
Chennai,Pune,1899,800,DHL,Monsoon,2,4,0,0
Chennai,Jaipur,1653,800,FedEx,Summer,1,4,1,2
Pune,Lucknow,844,800,Delhivery,Autumn,5,1,1,2
Delhi,Chennai,2251,800,BlueDart,Winter,10,5,0,0
Jaipur,Chennai,2365,800,DTDC,Winter,4,9,1,3
Hyderabad,Chennai,1678,800,DTDC,Summer,9,6,1,4
Jaipur,Lucknow,2563,800,Delhivery,Monsoon,5,8,1,4
Pune,Ahmedabad,290,800,FedEx,Autumn,10,4,0,0
Ahmedabad,Bangalore,2772,800,DTDC,Autumn,2,9,0,0
Mumbai,Hyderabad,4713,800,DHL,Winter,4,7,0,0
Bangalore,Pune,4588,800,Delhivery,Winter,9,7,0,0
Delhi,Jaipur,1256,800,Delhivery,Autumn,8,8,1,4
Kolkata,Mumbai,1782,800,FedEx,Winter,3,2,0,0
Kolkata,Delhi,2174,1500,DHL,Summer,8,6,1,4
Kolkata,Pune,201,800,DHL,Autumn,2,7,0,0
Chennai,Delhi,2845,800,FedEx,Winter,3,3,0,0
Kolkata,Pune,2675,800,BlueDart,Summer,5,8,0,0
Bangalore,Lucknow,2573,800,DHL,Summer,10,1,0,0
Mumbai,Bangalore,316,800,BlueDart,Autumn,10,1,0,0
Kolkata,Pune,541,800,BlueDart,Summer,8,10,0,0
Jaipur,Chennai,4227,800,Delhivery,Autumn,1,3,0,0
Jaipur,Delhi,2706,800,Delhivery,Summer,4,6,0,0
Chennai,Pune,4697,800,DTDC,Autumn,1,7,0,0
Bangalore,Hyderabad,68,800,Delhivery,Autumn,1,2,0,0
Mumbai,Delhi,1583,800,DHL,Autumn,5,6,0,0
Delhi,Hyderabad,1150,800,DHL,Autumn,6,5,1,3
Pune,Bangalore,1820,800,BlueDart,Summer,1,6,1,2
Mumbai,Pune,3208,800,DHL,Autumn,6,1,1,2
Pune,Hyderabad,3486,800,Delhivery,Winter,5,10,1,4
Ahmedabad,Jaipur,4504,800,Delhivery,Summer,4,7,0,0
Pune,Kolkata,2572,800,Delhivery,Autumn,10,8,1,4
Hyderabad,Delhi,2862,800,FedEx,Summer,5,7,0,0
Jaipur,Lucknow,951,800,DHL,Summer,8,9,0,0
Bangalore,Jaipur,4633,800,DTDC,Summer,9,1,1,3
Lucknow,Hyderabad,1784,800,DHL,Summer,2,10,0,0
Chennai,Pune,1431,800,DHL,Autumn,6,9,1,3
Hyderabad,Lucknow,445,800,FedEx,Summer,3,3,0,0
Pune,Ahmedabad,849,800,DHL,Winter,2,2,0,0
Kolkata,Bangalore,4011,1900,BlueDart,Summer,1,6,0,0
Bangalore,Ahmedabad,4465,800,Delhivery,Summer,4,5,0,0
Hyderabad,Pune,4969,800,Delhivery,Winter,8,4,1,3
Chennai,Delhi,2691,800,FedEx,Autumn,3,4,0,0
Jaipur,Bangalore,1660,800,Delhivery,Winter,5,8,1,3
Bangalore,Kolkata,1255,1900,BlueDart,Monsoon,10,10,1,6
Chennai,Ahmedabad,2271,800,FedEx,Winter,5,3,0,0
Ahmedabad,Mumbai,925,800,DTDC,Autumn,5,1,0,0
Ahmedabad,Lucknow,2649,800,Delhivery,Winter,9,5,0,0
Chennai,Hyderabad,3899,800,DHL,Summer,8,8,0,0
Hyderabad,Pune,4491,800,BlueDart,Autumn,8,3,0,0
Bangalore,Lucknow,1336,800,BlueDart,Monsoon,1,2,1,2
Hyderabad,Lucknow,3368,800,Delhivery,Autumn,1,1,0,0
Delhi,Mumbai,1595,800,DTDC,Summer,2,4,0,0
Pune,Mumbai,3378,800,DHL,Monsoon,8,2,1,4
Delhi,Chennai,398,800,DTDC,Autumn,10,8,1,4
Ahmedabad,Hyderabad,2801,800,DTDC,Autumn,1,10,0,0
Jaipur,Delhi,3342,800,Delhivery,Summer,4,9,0,0
Mumbai,Delhi,713,800,DHL,Winter,9,10,0,0
Pune,Mumbai,2830,800,Delhivery,Winter,2,1,0,0
Ahmedabad,Kolkata,4969,800,Delhivery,Monsoon,3,2,0,0
Hyderabad,Chennai,1069,800,BlueDart,Summer,6,6,0,0
Hyderabad,Mumbai,4184,800,Delhivery,Summer,10,10,1,5
Hyderabad,Chennai,1308,800,FedEx,Winter,3,7,0,0
Jaipur,Bangalore,1311,800,DHL,Winter,4,2,1,2
Delhi,Bangalore,683,800,BlueDart,Monsoon,9,8,0,0
Mumbai,Lucknow,2369,800,DHL,Winter,9,10,1,4
Hyderabad,Mumbai,4309,800,BlueDart,Monsoon,10,9,1,5
Lucknow,Ahmedabad,4122,800,FedEx,Autumn,5,8,1,3
Pune,Chennai,4581,800,Delhivery,Monsoon,7,9,1,5
Bangalore,Hyderabad,3592,800,BlueDart,Monsoon,9,6,1,5
Lucknow,Kolkata,1026,800,BlueDart,Monsoon,8,7,1,5
Mumbai,Delhi,219,800,BlueDart,Autumn,7,6,0,0
Jaipur,Hyderabad,508,800,FedEx,Winter,8,7,0,0
Mumbai,Lucknow,438,800,DHL,Monsoon,5,3,0,0
Bangalore,Delhi,3649,800,FedEx,Winter,5,4,0,0
Pune,Ahmedabad,3161,800,BlueDart,Monsoon,5,9,0,0
Bangalore,Ahmedabad,2115,800,BlueDart,Winter,1,3,0,0
Chennai,Hyderabad,1563,800,Delhivery,Monsoon,6,2,0,0
Pune,Chennai,3216,800,FedEx,Winter,5,7,0,0
Mumbai,Kolkata,2579,800,FedEx,Summer,8,6,0,0
Hyderabad,Ahmedabad,2638,800,DTDC,Autumn,8,3,1,3
Mumbai,Kolkata,1886,800,DHL,Monsoon,2,6,1,3
Mumbai,Hyderabad,1077,800,DTDC,Autumn,6,7,0,0
Pune,Hyderabad,1516,800,DTDC,Monsoon,10,6,1,5
Chennai,Hyderabad,3023,800,DHL,Summer,10,1,0,0
Mumbai,Pune,1677,800,Delhivery,Summer,6,1,1,3
Lucknow,Jaipur,4598,800,Delhivery,Autumn,3,9,0,0
Ahmedabad,Pune,4710,800,DHL,Monsoon,1,6,0,0
Kolkata,Pune,4076,800,DHL,Winter,7,2,1,3
Kolkata,Chennai,957,1660,FedEx,Monsoon,10,1,1,5
Mumbai,Delhi,4399,800,FedEx,Winter,5,2,1,2
Lucknow,Pune,1181,800,FedEx,Autumn,10,8,0,0
Hyderabad,Chennai,181,800,FedEx,Autumn,5,5,0,0
Jaipur,Mumbai,4636,800,BlueDart,Summer,8,7,1,4
Jaipur,Kolkata,1153,800,BlueDart,Winter,5,7,1,3
Pune,Jaipur,1869,800,Delhivery,Monsoon,5,2,1,4
Kolkata,Chennai,2198,1660,BlueDart,Summer,1,4,1,2
Mumbai,Jaipur,2503,800,BlueDart,Autumn,2,2,0,0
Jaipur,Pune,3587,800,FedEx,Summer,5,7,1,3
Mumbai,Chennai,198,800,FedEx,Monsoon,7,5,0,0
Pune,Lucknow,4086,800,DHL,Monsoon,3,1,1,3
Kolkata,Bangalore,167,1900,FedEx,Autumn,1,2,0,0
Bangalore,Mumbai,2727,800,DHL,Summer,2,6,0,0
Ahmedabad,Delhi,1980,800,DHL,Winter,3,4,0,0
Ahmedabad,Hyderabad,255,800,BlueDart,Winter,9,7,0,0
Jaipur,Delhi,2913,800,FedEx,Winter,8,2,0,0
Ahmedabad,Hyderabad,2805,800,BlueDart,Monsoon,4,2,1,3
Bangalore,Mumbai,3834,800,FedEx,Summer,8,6,1,3
Mumbai,Delhi,2387,800,BlueDart,Winter,9,8,1,4
Pune,Kolkata,859,800,BlueDart,Summer,3,1,0,0
Bangalore,Lucknow,1820,800,BlueDart,Autumn,6,5,1,3
Pune,Jaipur,3996,800,Delhivery,Winter,8,1,1,3
Pune,Bangalore,2136,800,BlueDart,Summer,10,6,1,4
Kolkata,Bangalore,4274,1900,DTDC,Monsoon,7,7,1,5
Mumbai,Delhi,3040,800,DTDC,Autumn,9,6,0,0
Lucknow,Bangalore,2317,800,DTDC,Autumn,7,9,1,4
Ahmedabad,Mumbai,3086,800,DHL,Autumn,1,3,0,0
Lucknow,Pune,2354,800,BlueDart,Autumn,9,8,0,0
Kolkata,Mumbai,629,800,DTDC,Monsoon,5,3,1,4
Pune,Kolkata,2912,800,DHL,Monsoon,6,7,0,0
Jaipur,Lucknow,2417,800,DTDC,Winter,2,5,0,0
Ahmedabad,Pune,4462,800,FedEx,Monsoon,2,1,0,0
Ahmedabad,Chennai,3014,800,Delhivery,Monsoon,4,4,1,4
Mumbai,Lucknow,3924,800,BlueDart,Autumn,4,9,0,0
Chennai,Lucknow,2496,800,Delhivery,Monsoon,5,8,0,0
Delhi,Bangalore,3412,800,Delhivery,Autumn,7,3,1,3
Delhi,Ahmedabad,3606,800,FedEx,Summer,1,2,0,0
Delhi,Kolkata,1687,1500,FedEx,Summer,10,9,1,5
Chennai,Jaipur,4049,800,FedEx,Summer,4,1,0,0
Mumbai,Pune,1314,800,DHL,Summer,9,9,1,4
Chennai,Pune,4103,800,DTDC,Summer,8,7,1,4
Delhi,Lucknow,1973,800,BlueDart,Summer,3,2,0,0
Kolkata,Hyderabad,3317,800,FedEx,Summer,6,5,0,0
Bangalore,Ahmedabad,1371,800,BlueDart,Autumn,9,2,1,3
Pune,Mumbai,4304,800,BlueDart,Autumn,8,5,0,0
Chennai,Ahmedabad,1797,800,BlueDart,Autumn,7,7,1,3
Mumbai,Bangalore,1083,800,FedEx,Autumn,7,5,0,0
Mumbai,Ahmedabad,1175,800,FedEx,Monsoon,1,2,0,0
Lucknow,Jaipur,3609,800,DTDC,Monsoon,5,5,1,4
Bangalore,Jaipur,2727,800,FedEx,Winter,7,10,1,4
Jaipur,Lucknow,3163,800,FedEx,Monsoon,2,6,1,3
Ahmedabad,Jaipur,4136,800,BlueDart,Autumn,6,5,0,0
Delhi,Chennai,3065,800,DTDC,Autumn,2,2,0,0
Jaipur,Pune,669,800,Delhivery,Summer,3,6,0,0
Lucknow,Hyderabad,4652,800,FedEx,Summer,1,6,1,2
Delhi,Ahmedabad,2592,800,FedEx,Winter,3,2,0,0
Bangalore,Ahmedabad,1139,800,Delhivery,Monsoon,7,4,0,0
Lucknow,Bangalore,2284,800,BlueDart,Autumn,5,7,1,3
Delhi,Mumbai,4476,800,DTDC,Monsoon,4,1,1,3
Bangalore,Kolkata,1478,1900,BlueDart,Winter,8,1,1,3
Hyderabad,Ahmedabad,2112,800,DHL,Summer,8,6,1,3
Jaipur,Delhi,3276,800,FedEx,Autumn,1,7,0,0
Jaipur,Ahmedabad,2481,800,DHL,Summer,9,5,0,0
Ahmedabad,Pune,1161,800,FedEx,Autumn,9,10,1,4
Bangalore,Kolkata,102,1900,DHL,Summer,2,8,0,0
Chennai,Kolkata,2576,1660,Delhivery,Summer,2,4,0,0
Hyderabad,Mumbai,1291,800,FedEx,Winter,8,3,0,0
Kolkata,Delhi,2910,1500,FedEx,Monsoon,6,7,1,5
Delhi,Lucknow,2809,800,DHL,Summer,3,4,1,2
Hyderabad,Jaipur,3187,800,DTDC,Autumn,2,1,0,0
Bangalore,Jaipur,4521,800,DHL,Monsoon,5,8,1,4
Pune,Lucknow,2614,800,FedEx,Monsoon,8,5,1,4
Delhi,Pune,3891,800,FedEx,Summer,6,8,1,3
Mumbai,Lucknow,2423,800,DTDC,Summer,3,8,1,3
Jaipur,Delhi,1554,800,BlueDart,Summer,9,5,0,0
Bangalore,Ahmedabad,3540,800,DTDC,Monsoon,8,8,1,5
Mumbai,Chennai,2656,800,BlueDart,Winter,10,7,1,4
Ahmedabad,Hyderabad,4794,800,FedEx,Summer,6,3,0,0
Lucknow,Bangalore,2068,800,Delhivery,Monsoon,1,4,0,0
Kolkata,Jaipur,4524,800,Delhivery,Monsoon,2,7,0,0
Kolkata,Chennai,1155,1660,DHL,Autumn,4,4,0,0
Mumbai,Ahmedabad,920,800,DTDC,Summer,2,6,0,0
Jaipur,Lucknow,3316,800,DTDC,Winter,3,2,0,0
Ahmedabad,Delhi,1576,800,Delhivery,Autumn,8,2,0,0
Pune,Delhi,2405,800,BlueDart,Summer,9,3,1,3
Jaipur,Ahmedabad,3015,800,DTDC,Autumn,6,10,1,4
Hyderabad,Delhi,4517,800,BlueDart,Summer,4,7,0,0
Kolkata,Delhi,4258,1500,BlueDart,Autumn,2,3,0,0
Hyderabad,Chennai,101,800,BlueDart,Winter,7,3,1,3
Delhi,Lucknow,4002,800,BlueDart,Autumn,10,4,1,4
Chennai,Jaipur,340,800,DHL,Autumn,7,10,1,4
Bangalore,Delhi,964,800,DHL,Autumn,10,6,0,0
Ahmedabad,Jaipur,3790,800,Delhivery,Summer,9,1,0,0
Jaipur,Chennai,2611,800,DHL,Summer,5,6,1,3
Kolkata,Delhi,2987,1500,DTDC,Winter,10,8,0,0
Hyderabad,Pune,4299,800,DHL,Autumn,4,8,1,3
Lucknow,Hyderabad,539,800,DTDC,Monsoon,10,6,0,0
Delhi,Hyderabad,2902,800,DTDC,Autumn,6,6,0,0
Bangalore,Mumbai,1276,800,BlueDart,Monsoon,2,3,1,3
Bangalore,Delhi,1483,800,Delhivery,Monsoon,2,2,1,3
Jaipur,Pune,4744,800,BlueDart,Autumn,9,7,1,4
Ahmedabad,Mumbai,1607,800,BlueDart,Monsoon,7,8,0,0
Pune,Bangalore,2535,800,DHL,Monsoon,7,10,1,5
Lucknow,Delhi,4803,800,DHL,Autumn,5,6,0,0
Jaipur,Kolkata,3771,800,DTDC,Summer,7,5,1,3
Hyderabad,Chennai,2752,800,DHL,Autumn,9,4,0,0
Chennai,Pune,4645,800,DHL,Winter,10,1,1,3
Mumbai,Hyderabad,4435,800,FedEx,Monsoon,5,9,1,4
Pune,Jaipur,479,800,DTDC,Winter,9,10,1,4
Ahmedabad,Chennai,3840,800,DTDC,Monsoon,1,4,0,0
Delhi,Ahmedabad,543,800,FedEx,Summer,3,2,1,2
Pune,Chennai,4572,800,DTDC,Monsoon,7,4,1,4
Kolkata,Delhi,4065,1500,Delhivery,Autumn,4,5,1,3
Ahmedabad,Mumbai,3689,800,Delhivery,Monsoon,2,2,0,0
Chennai,Mumbai,4097,800,FedEx,Winter,3,7,0,0
Kolkata,Jaipur,771,800,DHL,Autumn,7,3,1,3
Pune,Chennai,900,800,Delhivery,Winter,8,8,1,4
Mumbai,Hyderabad,2365,800,FedEx,Summer,9,4,0,0
Mumbai,Jaipur,1965,800,Delhivery,Winter,6,5,1,3
Chennai,Pune,2981,800,BlueDart,Winter,10,3,1,3
Bangalore,Jaipur,1682,800,FedEx,Winter,9,5,0,0
Lucknow,Pune,2846,800,DTDC,Autumn,4,9,1,3
Delhi,Ahmedabad,4937,800,Delhivery,Summer,5,2,0,0
Bangalore,Delhi,4949,800,DTDC,Summer,1,7,1,2
Mumbai,Ahmedabad,3654,800,FedEx,Summer,9,10,1,4
Mumbai,Delhi,2307,800,Delhivery,Winter,9,8,0,0
Hyderabad,Mumbai,4071,800,DTDC,Autumn,9,3,1,4
Kolkata,Bangalore,3176,1900,DHL,Autumn,3,4,1,3
Pune,Bangalore,1329,800,DHL,Autumn,10,10,0,0
Delhi,Hyderabad,193,800,BlueDart,Winter,10,2,1,3
Chennai,Mumbai,1293,800,FedEx,Summer,10,10,1,4
Pune,Hyderabad,2856,800,DTDC,Winter,8,9,0,0
Hyderabad,Pune,2243,800,BlueDart,Autumn,3,3,0,0
Mumbai,Chennai,4098,800,FedEx,Winter,6,9,1,3
Chennai,Kolkata,1442,1660,DHL,Monsoon,5,7,1,4
Mumbai,Chennai,3150,800,DTDC,Summer,8,6,1,4
Delhi,Mumbai,1806,800,Delhivery,Summer,3,3,1,2
Kolkata,Jaipur,4732,800,DHL,Autumn,1,7,0,0
Pune,Delhi,2065,800,Delhivery,Winter,9,3,1,4
Pune,Mumbai,3346,800,Delhivery,Autumn,10,6,1,4
Bangalore,Jaipur,792,800,DTDC,Winter,9,8,1,4
Chennai,Pune,1517,800,DTDC,Monsoon,3,5,0,0
Lucknow,Ahmedabad,4880,800,Delhivery,Summer,2,3,1,2
Hyderabad,Chennai,3864,800,BlueDart,Summer,4,6,1,3
Lucknow,Jaipur,686,800,Delhivery,Winter,8,8,1,4
Bangalore,Ahmedabad,1840,800,Delhivery,Summer,6,10,1,4
Delhi,Bangalore,4100,800,DTDC,Winter,10,3,1,4
Hyderabad,Mumbai,4316,800,FedEx,Autumn,1,5,0,0
Kolkata,Mumbai,1370,800,DHL,Monsoon,8,9,1,5
Lucknow,Jaipur,4595,800,DTDC,Winter,5,10,1,4
Kolkata,Chennai,2696,1660,BlueDart,Monsoon,6,10,1,5
Lucknow,Kolkata,200,800,DHL,Autumn,5,3,0,0
Kolkata,Bangalore,852,1900,DTDC,Autumn,10,2,1,4
Lucknow,Chennai,344,800,DTDC,Autumn,5,8,0,0
Kolkata,Jaipur,1120,800,FedEx,Winter,3,7,0,0
Bangalore,Kolkata,588,1900,BlueDart,Monsoon,4,9,1,5
Ahmedabad,Lucknow,71,800,BlueDart,Monsoon,5,4,0,0
Hyderabad,Lucknow,396,800,DTDC,Summer,2,3,1,2
Chennai,Ahmedabad,1179,800,FedEx,Winter,6,10,1,4
Delhi,Bangalore,2210,800,DTDC,Summer,2,5,0,0
Jaipur,Ahmedabad,4724,800,Delhivery,Summer,4,1,0,0
Mumbai,Lucknow,1693,800,Delhivery,Winter,1,5,0,0
Chennai,Ahmedabad,496,800,FedEx,Summer,4,3,0,0
Mumbai,Chennai,3742,800,DTDC,Summer,7,1,0,0
Hyderabad,Pune,550,800,FedEx,Summer,8,3,0,0
Chennai,Hyderabad,2070,800,DTDC,Autumn,2,5,1,2
Kolkata,Mumbai,4256,800,DTDC,Winter,3,5,0,0
Kolkata,Bangalore,1248,1900,Delhivery,Autumn,1,10,0,0
Jaipur,Kolkata,1000,800,DHL,Summer,7,8,1,3
Mumbai,Pune,4477,800,BlueDart,Summer,4,1,0,0
Delhi,Chennai,2309,800,BlueDart,Autumn,10,7,0,0
Hyderabad,Ahmedabad,3917,800,FedEx,Summer,8,5,0,0
Kolkata,Hyderabad,4298,800,BlueDart,Winter,5,3,1,2
Ahmedabad,Mumbai,1090,800,Delhivery,Monsoon,9,4,1,5
Bangalore,Ahmedabad,207,800,DHL,Autumn,6,3,0,0
Bangalore,Jaipur,2204,800,DTDC,Monsoon,10,8,1,5
Lucknow,Mumbai,1608,800,DTDC,Monsoon,2,4,0,0
Delhi,Bangalore,1610,800,Delhivery,Monsoon,1,3,0,0
Bangalore,Kolkata,3702,1900,BlueDart,Autumn,1,2,1,2
Lucknow,Delhi,3875,800,DTDC,Summer,9,3,1,4
Mumbai,Lucknow,693,800,BlueDart,Winter,1,7,0,0
Kolkata,Jaipur,3093,800,Delhivery,Summer,3,6,1,3
Kolkata,Jaipur,3999,800,DTDC,Winter,2,10,1,3
Ahmedabad,Chennai,342,800,FedEx,Summer,4,5,0,0
Chennai,Hyderabad,1781,800,DHL,Monsoon,1,8,0,0
Bangalore,Kolkata,4210,1900,BlueDart,Monsoon,1,1,1,3
Mumbai,Lucknow,2731,800,BlueDart,Winter,4,3,0,0
Pune,Delhi,816,800,BlueDart,Autumn,4,2,0,0
Bangalore,Jaipur,1074,800,BlueDart,Summer,7,2,1,3
Delhi,Bangalore,898,800,Delhivery,Monsoon,8,1,1,4
Chennai,Mumbai,2933,800,Delhivery,Winter,8,5,0,0
Bangalore,Chennai,330,350,Delhivery,Summer,8,5,1,3
Mumbai,Lucknow,3967,800,Delhivery,Winter,9,3,0,0
Bangalore,Chennai,2392,350,DTDC,Autumn,1,9,0,0
Delhi,Lucknow,3241,800,Delhivery,Autumn,9,6,1,4
Pune,Ahmedabad,2321,800,DTDC,Summer,10,10,1,5
Hyderabad,Mumbai,3611,800,FedEx,Autumn,8,6,1,3
Jaipur,Kolkata,1510,800,Delhivery,Summer,1,10,1,3
Pune,Lucknow,1578,800,FedEx,Summer,7,6,1,3
Lucknow,Bangalore,3291,800,Delhivery,Autumn,9,2,1,3
Bangalore,Lucknow,1529,800,FedEx,Winter,4,10,0,0
Kolkata,Hyderabad,1928,800,DHL,Winter,9,10,1,4
Ahmedabad,Lucknow,4099,800,FedEx,Summer,1,8,0,0
Kolkata,Ahmedabad,1875,800,DTDC,Monsoon,9,6,1,5
Pune,Lucknow,1415,800,BlueDart,Summer,6,3,0,0
Kolkata,Pune,2733,800,FedEx,Winter,4,10,0,0
Mumbai,Pune,14,800,BlueDart,Summer,5,9,0,0
Kolkata,Jaipur,1178,800,DHL,Winter,7,2,0,0
Chennai,Pune,2408,800,DHL,Autumn,10,7,1,4
Hyderabad,Lucknow,2640,800,DTDC,Summer,4,3,0,0
Bangalore,Lucknow,357,800,DTDC,Summer,8,6,1,4
Kolkata,Ahmedabad,4230,800,FedEx,Autumn,3,5,0,0
Delhi,Pune,1823,800,Delhivery,Autumn,2,6,0,0
Hyderabad,Delhi,3352,800,DHL,Monsoon,1,8,1,3
Hyderabad,Lucknow,2584,800,BlueDart,Autumn,6,3,1,3
Kolkata,Mumbai,3835,800,Delhivery,Monsoon,2,2,0,0
Hyderabad,Mumbai,4603,800,DHL,Autumn,8,8,1,4
Ahmedabad,Bangalore,62,800,FedEx,Winter,10,1,0,0
Kolkata,Ahmedabad,158,800,DHL,Summer,4,2,0,0
Mumbai,Hyderabad,512,800,DTDC,Autumn,9,10,1,4
Pune,Delhi,879,800,BlueDart,Winter,4,1,1,2
Chennai,Lucknow,3531,800,BlueDart,Autumn,4,5,1,2
Jaipur,Chennai,4324,800,DTDC,Summer,8,8,1,4
Lucknow,Chennai,3881,800,Delhivery,Autumn,8,2,0,0
Hyderabad,Kolkata,1310,800,DTDC,Autumn,5,4,0,0
Mumbai,Jaipur,2509,800,BlueDart,Summer,3,4,0,0
Bangalore,Kolkata,4043,1900,FedEx,Autumn,2,7,0,0
Bangalore,Hyderabad,3299,800,Delhivery,Summer,9,1,0,0
Lucknow,Chennai,4843,800,DHL,Monsoon,9,9,0,0
Chennai,Ahmedabad,3863,800,FedEx,Autumn,5,3,0,0
Hyderabad,Bangalore,2461,800,Delhivery,Winter,8,6,0,0
Ahmedabad,Jaipur,4395,800,BlueDart,Autumn,7,10,0,0
Lucknow,Hyderabad,348,800,BlueDart,Summer,3,5,0,0
Chennai,Hyderabad,2834,800,FedEx,Summer,5,4,1,2
Hyderabad,Delhi,1703,800,Delhivery,Winter,9,9,1,4
Mumbai,Pune,996,800,DHL,Winter,4,9,0,0
Pune,Delhi,3500,800,DHL,Summer,3,1,0,0
Ahmedabad,Mumbai,2743,800,DTDC,Monsoon,7,7,0,0
Jaipur,Ahmedabad,3777,800,FedEx,Monsoon,8,10,0,0
Bangalore,Hyderabad,4086,800,Delhivery,Summer,5,9,0,0
Delhi,Mumbai,2016,800,FedEx,Monsoon,8,5,1,4
Mumbai,Kolkata,3117,800,DHL,Winter,5,1,0,0
Bangalore,Kolkata,4478,1900,Delhivery,Monsoon,9,8,1,6
Kolkata,Pune,3340,800,BlueDart,Winter,7,5,1,3
Delhi,Lucknow,3051,800,BlueDart,Autumn,5,6,0,0
Bangalore,Delhi,540,800,Delhivery,Winter,9,7,1,4
Chennai,Mumbai,933,800,FedEx,Autumn,5,10,1,3
Ahmedabad,Delhi,4128,800,FedEx,Winter,8,7,1,4
Bangalore,Pune,250,800,BlueDart,Winter,4,7,0,0
Jaipur,Hyderabad,1906,800,BlueDart,Monsoon,9,1,1,4
Pune,Chennai,3334,800,DHL,Winter,6,7,0,0
Chennai,Mumbai,823,800,Delhivery,Summer,6,3,1,3
Mumbai,Delhi,4760,800,FedEx,Autumn,3,5,1,2
Mumbai,Hyderabad,792,800,DHL,Autumn,3,10,0,0
Mumbai,Delhi,4065,800,FedEx,Winter,4,5,0,0
Mumbai,Pune,17,800,BlueDart,Summer,1,8,0,0
Pune,Mumbai,3783,800,Delhivery,Winter,6,7,0,0
Bangalore,Mumbai,4680,800,DTDC,Winter,1,7,0,0
Hyderabad,Delhi,3149,800,Delhivery,Monsoon,4,6,0,0
Bangalore,Chennai,3799,350,DTDC,Winter,7,7,1,3
Kolkata,Mumbai,4061,800,DHL,Winter,6,7,0,0
Ahmedabad,Lucknow,527,800,DTDC,Monsoon,8,5,0,0
Delhi,Jaipur,3200,800,DTDC,Monsoon,4,5,0,0
Hyderabad,Kolkata,3112,800,DHL,Summer,9,4,0,0
Hyderabad,Delhi,4588,800,Delhivery,Monsoon,10,4,1,5
Bangalore,Hyderabad,2726,800,DHL,Autumn,8,5,1,3
Hyderabad,Ahmedabad,588,800,BlueDart,Autumn,5,10,0,0
Lucknow,Mumbai,4492,800,BlueDart,Summer,6,9,0,0
Lucknow,Chennai,4517,800,DTDC,Winter,5,6,0,0
Kolkata,Lucknow,1875,800,DHL,Summer,6,8,0,0
Delhi,Bangalore,1386,800,DHL,Monsoon,1,9,0,0
Jaipur,Kolkata,2948,800,DHL,Winter,4,4,0,0
Pune,Mumbai,915,800,Delhivery,Summer,9,7,1,4
Bangalore,Kolkata,974,1900,FedEx,Summer,4,5,0,0
Pune,Chennai,1986,800,FedEx,Autumn,2,4,0,0
Jaipur,Hyderabad,4769,800,FedEx,Summer,6,7,1,3
Bangalore,Lucknow,4930,800,Delhivery,Winter,2,3,0,0
Bangalore,Chennai,1897,350,DHL,Summer,3,1,0,0
Delhi,Lucknow,2457,800,FedEx,Summer,7,7,0,0
Pune,Hyderabad,1001,800,DHL,Monsoon,4,9,1,4
Lucknow,Ahmedabad,3566,800,DTDC,Summer,1,2,0,0
Mumbai,Bangalore,3969,800,FedEx,Winter,9,7,1,4
Pune,Hyderabad,3614,800,DTDC,Autumn,6,10,0,0
Ahmedabad,Hyderabad,1093,800,Delhivery,Autumn,9,2,0,0
Ahmedabad,Delhi,444,800,BlueDart,Autumn,3,3,0,0
Bangalore,Delhi,30,800,Delhivery,Autumn,5,10,1,4
Mumbai,Bangalore,2932,800,Delhivery,Monsoon,9,10,1,6
Chennai,Mumbai,1935,800,Delhivery,Winter,6,3,0,0
Jaipur,Kolkata,1482,800,FedEx,Monsoon,2,4,0,0
Kolkata,Jaipur,1109,800,DTDC,Autumn,1,6,0,0
Mumbai,Bangalore,2647,800,FedEx,Monsoon,9,3,1,4
Kolkata,Hyderabad,399,800,BlueDart,Summer,1,9,1,2
Pune,Jaipur,3423,800,Delhivery,Winter,5,2,0,0
Pune,Kolkata,2625,800,DHL,Summer,1,7,0,0
Kolkata,Delhi,1364,1500,BlueDart,Monsoon,5,6,1,4
Jaipur,Bangalore,4531,800,DTDC,Summer,5,2,0,0
Mumbai,Ahmedabad,15,800,BlueDart,Monsoon,7,3,0,0
Chennai,Hyderabad,200,800,FedEx,Monsoon,7,6,0,0
Bangalore,Kolkata,157,1900,DHL,Winter,10,10,1,5
Delhi,Kolkata,4510,1500,FedEx,Winter,1,4,1,2
Pune,Kolkata,4363,800,Delhivery,Winter,9,1,0,0
Ahmedabad,Delhi,3560,800,Delhivery,Autumn,1,1,0,0
Jaipur,Lucknow,4929,800,BlueDart,Winter,5,3,0,0
Delhi,Bangalore,4115,800,Delhivery,Summer,7,8,1,4
Chennai,Delhi,1120,800,Delhivery,Winter,8,4,1,3
Hyderabad,Lucknow,3843,800,DTDC,Winter,2,1,0,0
Bangalore,Chennai,4943,350,DTDC,Winter,1,8,0,0
Pune,Ahmedabad,634,800,FedEx,Monsoon,4,10,1,4
Bangalore,Kolkata,4135,1900,FedEx,Monsoon,4,6,1,4
Delhi,Ahmedabad,2185,800,DTDC,Winter,10,1,0,0
Bangalore,Kolkata,3159,1900,BlueDart,Monsoon,6,10,1,5
Hyderabad,Pune,1088,800,DTDC,Monsoon,1,10,0,0
Delhi,Mumbai,3561,800,FedEx,Autumn,1,6,0,0
Pune,Bangalore,2362,800,DHL,Summer,3,1,1,2
Mumbai,Chennai,555,800,Delhivery,Monsoon,5,10,1,5
Ahmedabad,Mumbai,1205,800,DHL,Summer,6,10,1,4
Delhi,Ahmedabad,2079,800,DHL,Monsoon,5,3,0,0
Lucknow,Jaipur,3368,800,Delhivery,Winter,5,2,0,0
Hyderabad,Jaipur,2448,800,DTDC,Monsoon,9,4,1,5
Delhi,Pune,626,800,BlueDart,Monsoon,2,2,0,0
Delhi,Jaipur,4254,800,DHL,Summer,1,5,0,0
Lucknow,Hyderabad,3353,800,BlueDart,Winter,6,4,0,0
Pune,Lucknow,1821,800,FedEx,Autumn,9,6,1,4
Delhi,Chennai,181,800,DHL,Summer,7,7,1,3
Ahmedabad,Lucknow,4152,800,FedEx,Winter,8,2,0,0
Bangalore,Kolkata,635,1900,DTDC,Winter,5,2,1,3
Pune,Ahmedabad,4073,800,DHL,Summer,10,8,1,4
Ahmedabad,Lucknow,2264,800,FedEx,Monsoon,4,9,0,0
Pune,Delhi,462,800,FedEx,Winter,6,5,0,0
Ahmedabad,Delhi,1428,800,DTDC,Autumn,3,7,0,0
Hyderabad,Lucknow,763,800,BlueDart,Monsoon,1,9,1,3
Ahmedabad,Bangalore,3382,800,BlueDart,Summer,4,1,1,2
Kolkata,Lucknow,2733,800,DHL,Summer,9,8,1,4
Ahmedabad,Kolkata,3020,800,DTDC,Summer,4,10,0,0
Mumbai,Ahmedabad,2921,800,DHL,Summer,1,10,0,0
Mumbai,Bangalore,1235,800,BlueDart,Autumn,4,9,0,0
Jaipur,Pune,177,800,DTDC,Autumn,7,9,0,0
Kolkata,Lucknow,3695,800,Delhivery,Winter,3,10,0,0
Kolkata,Delhi,95,1500,DTDC,Autumn,10,7,1,5
Bangalore,Ahmedabad,1687,800,DTDC,Summer,6,10,1,4
Kolkata,Ahmedabad,1992,800,Delhivery,Autumn,1,3,0,0
Bangalore,Jaipur,4954,800,FedEx,Monsoon,4,5,1,3
Jaipur,Kolkata,1496,800,FedEx,Monsoon,3,2,1,3
Jaipur,Lucknow,451,800,FedEx,Winter,1,10,0,0
Hyderabad,Mumbai,280,800,BlueDart,Summer,3,3,1,2
Mumbai,Lucknow,353,800,DTDC,Autumn,4,10,0,0
Ahmedabad,Pune,1216,800,Delhivery,Winter,5,7,0,0
Ahmedabad,Chennai,3091,800,BlueDart,Winter,6,1,1,2
Lucknow,Bangalore,1267,800,Delhivery,Autumn,2,3,1,2
Lucknow,Hyderabad,2301,800,BlueDart,Winter,2,5,0,0
Chennai,Mumbai,1542,800,BlueDart,Summer,6,4,1,3
Pune,Bangalore,3432,800,BlueDart,Autumn,5,3,0,0
Hyderabad,Delhi,4372,800,Delhivery,Monsoon,1,6,0,0
Chennai,Lucknow,1663,800,DHL,Monsoon,3,6,0,0
Chennai,Bangalore,4998,350,BlueDart,Autumn,5,4,0,0
Delhi,Bangalore,248,800,FedEx,Winter,2,9,0,0
Delhi,Kolkata,924,1500,DTDC,Winter,1,6,0,0
Chennai,Delhi,1448,800,DHL,Monsoon,9,9,1,5
Kolkata,Mumbai,3026,800,DHL,Monsoon,5,10,1,4
Pune,Hyderabad,1470,800,Delhivery,Summer,2,10,0,0
Hyderabad,Jaipur,3089,800,DHL,Winter,10,2,1,3
Chennai,Delhi,2268,800,Delhivery,Summer,4,6,0,0
Ahmedabad,Lucknow,376,800,Delhivery,Monsoon,3,4,1,3
Pune,Bangalore,3001,800,FedEx,Monsoon,7,2,1,4
Delhi,Jaipur,3751,800,BlueDart,Monsoon,1,5,0,0
Ahmedabad,Jaipur,95,800,DHL,Monsoon,10,3,0,0
Delhi,Chennai,2503,800,BlueDart,Summer,4,6,0,0
Delhi,Chennai,4725,800,BlueDart,Monsoon,7,8,1,4
Pune,Hyderabad,141,800,BlueDart,Autumn,10,4,0,0
Delhi,Mumbai,913,800,Delhivery,Winter,5,4,0,0
Jaipur,Chennai,3466,800,BlueDart,Monsoon,4,5,1,3
Mumbai,Delhi,1231,800,DHL,Winter,4,6,1,3
Jaipur,Bangalore,1773,800,Delhivery,Monsoon,2,7,1,4
Mumbai,Lucknow,2814,800,DHL,Summer,8,6,0,0
Lucknow,Kolkata,1236,800,Delhivery,Winter,4,7,1,3
Lucknow,Kolkata,1294,800,DTDC,Summer,2,9,0,0
Delhi,Kolkata,699,1500,DTDC,Monsoon,9,4,1,5
Hyderabad,Bangalore,4792,800,DTDC,Autumn,10,10,0,0
Hyderabad,Kolkata,4891,800,DTDC,Autumn,7,1,0,0
Mumbai,Kolkata,4445,800,Delhivery,Autumn,3,9,0,0
Ahmedabad,Jaipur,4517,800,BlueDart,Autumn,7,7,1,3
Pune,Chennai,2006,800,FedEx,Autumn,1,4,0,0
Delhi,Jaipur,4391,800,FedEx,Summer,1,10,0,0
Pune,Hyderabad,1119,800,DTDC,Autumn,4,8,0,0
Jaipur,Kolkata,4955,800,BlueDart,Monsoon,4,7,1,4
Hyderabad,Chennai,439,800,DHL,Summer,4,2,0,0
Kolkata,Chennai,4136,1660,BlueDart,Summer,9,1,0,0
Jaipur,Chennai,3791,800,DHL,Autumn,6,9,1,3
Jaipur,Lucknow,612,800,FedEx,Winter,3,7,0,0
Mumbai,Kolkata,449,800,BlueDart,Monsoon,6,10,1,5
Bangalore,Lucknow,994,800,BlueDart,Summer,2,1,0,0
Jaipur,Hyderabad,1928,800,FedEx,Monsoon,2,4,0,0
Delhi,Pune,4517,800,BlueDart,Winter,7,5,1,3
Chennai,Bangalore,537,350,DHL,Summer,3,5,0,0
Chennai,Jaipur,4415,800,BlueDart,Monsoon,7,5,1,4
Delhi,Chennai,3006,800,DHL,Autumn,3,3,0,0
Bangalore,Mumbai,3477,800,DTDC,Summer,2,5,1,2
Bangalore,Hyderabad,1371,800,BlueDart,Summer,4,4,1,2
Mumbai,Bangalore,713,800,DHL,Summer,4,5,0,0
Hyderabad,Ahmedabad,672,800,FedEx,Summer,3,7,0,0
Pune,Lucknow,374,800,DTDC,Autumn,9,5,1,4
Bangalore,Mumbai,932,800,BlueDart,Winter,6,8,0,0
Kolkata,Chennai,3866,1660,DHL,Winter,5,8,0,0
Mumbai,Delhi,185,800,BlueDart,Monsoon,6,3,1,4
Lucknow,Mumbai,945,800,DHL,Autumn,8,5,0,0
Ahmedabad,Jaipur,391,800,BlueDart,Autumn,5,4,0,0
Lucknow,Delhi,315,800,DTDC,Monsoon,4,5,1,4
Mumbai,Delhi,4707,800,DTDC,Autumn,7,8,0,0
Jaipur,Pune,2400,800,BlueDart,Autumn,5,4,1,2
Pune,Chennai,2213,800,BlueDart,Summer,4,5,1,2
Ahmedabad,Bangalore,4817,800,Delhivery,Summer,5,7,0,0
Lucknow,Chennai,1475,800,BlueDart,Summer,4,3,0,0
Ahmedabad,Kolkata,3281,800,BlueDart,Autumn,8,6,0,0
Kolkata,Mumbai,412,800,DTDC,Autumn,8,9,1,4
Kolkata,Mumbai,4719,800,BlueDart,Winter,1,4,1,2
Kolkata,Bangalore,2680,1900,FedEx,Summer,3,4,1,3
Mumbai,Ahmedabad,1811,800,BlueDart,Monsoon,4,6,1,4
Pune,Mumbai,2660,800,Delhivery,Autumn,2,6,0,0
Mumbai,Bangalore,186,800,DHL,Summer,5,3,0,0
Chennai,Pune,4554,800,DTDC,Winter,8,1,0,0
Jaipur,Mumbai,752,800,FedEx,Summer,2,3,0,0
Jaipur,Ahmedabad,2358,800,DHL,Winter,9,8,0,0
Kolkata,Chennai,4412,1660,FedEx,Winter,7,8,0,0
Chennai,Ahmedabad,760,800,DTDC,Autumn,6,6,1,3
Bangalore,Jaipur,878,800,Delhivery,Winter,8,7,0,0
Bangalore,Lucknow,4072,800,DTDC,Winter,2,2,0,0
Kolkata,Ahmedabad,3977,800,FedEx,Monsoon,5,9,0,0
Lucknow,Jaipur,223,800,FedEx,Winter,4,3,0,0
Mumbai,Kolkata,1627,800,DTDC,Monsoon,8,2,1,4
Kolkata,Ahmedabad,2540,800,BlueDart,Monsoon,1,5,0,0
Hyderabad,Jaipur,3343,800,DTDC,Summer,3,1,0,0
Ahmedabad,Lucknow,1607,800,Delhivery,Summer,10,5,1,4
Jaipur,Bangalore,521,800,DTDC,Autumn,8,10,0,0
Bangalore,Delhi,262,800,DHL,Autumn,5,4,1,2
Delhi,Ahmedabad,4143,800,BlueDart,Autumn,4,6,0,0
Bangalore,Kolkata,638,1900,DHL,Winter,6,5,0,0
Jaipur,Mumbai,3486,800,DTDC,Summer,5,9,1,4
Ahmedabad,Jaipur,996,800,BlueDart,Winter,3,5,0,0
Jaipur,Lucknow,1735,800,DHL,Summer,5,8,1,3
Delhi,Lucknow,2103,800,DHL,Winter,4,2,1,2
Kolkata,Delhi,1711,1500,BlueDart,Autumn,1,3,0,0
Chennai,Lucknow,314,800,BlueDart,Summer,1,3,0,0
Delhi,Pune,4088,800,FedEx,Summer,7,3,0,0
Jaipur,Kolkata,2290,800,BlueDart,Monsoon,4,6,0,0
Jaipur,Ahmedabad,4350,800,DTDC,Summer,1,7,0,0
Hyderabad,Lucknow,2817,800,Delhivery,Summer,6,7,0,0
Hyderabad,Jaipur,2896,800,FedEx,Winter,1,7,0,0
Pune,Hyderabad,3464,800,BlueDart,Autumn,8,3,0,0
Hyderabad,Chennai,1034,800,Delhivery,Monsoon,9,1,1,4
Mumbai,Delhi,4322,800,FedEx,Winter,3,6,0,0
Chennai,Ahmedabad,2985,800,DTDC,Summer,7,3,1,3
Ahmedabad,Bangalore,516,800,Delhivery,Winter,5,3,0,0
Delhi,Ahmedabad,4866,800,BlueDart,Autumn,3,3,1,2
Jaipur,Hyderabad,2961,800,BlueDart,Monsoon,5,9,1,4
Pune,Chennai,1063,800,DTDC,Winter,10,4,1,4
Pune,Delhi,2684,800,FedEx,Summer,7,5,0,0
Ahmedabad,Lucknow,2577,800,Delhivery,Winter,7,3,0,0
Chennai,Delhi,1914,800,DTDC,Summer,9,10,1,4
Delhi,Chennai,4380,800,FedEx,Monsoon,8,1,0,0
Bangalore,Mumbai,4597,800,DHL,Monsoon,4,4,0,0
Hyderabad,Pune,4932,800,DHL,Winter,5,1,0,0
Kolkata,Mumbai,2904,800,FedEx,Monsoon,5,7,1,4
Pune,Lucknow,1110,800,BlueDart,Autumn,10,7,1,4
Hyderabad,Mumbai,3671,800,BlueDart,Winter,2,4,0,0
Hyderabad,Kolkata,1646,800,DHL,Summer,7,5,0,0
Mumbai,Pune,1465,800,BlueDart,Winter,7,10,0,0
Chennai,Bangalore,3623,350,BlueDart,Summer,9,7,0,0
Kolkata,Lucknow,48,800,FedEx,Monsoon,9,6,1,5
Bangalore,Jaipur,3094,800,FedEx,Summer,4,4,0,0
Jaipur,Bangalore,4249,800,BlueDart,Summer,5,4,1,2
Mumbai,Hyderabad,2741,800,FedEx,Summer,7,2,1,3
Hyderabad,Pune,2425,800,Delhivery,Summer,10,10,1,5
Hyderabad,Chennai,768,800,DHL,Autumn,7,2,0,0
Lucknow,Kolkata,4352,800,Delhivery,Summer,10,4,0,0
Kolkata,Bangalore,3126,1900,Delhivery,Winter,8,5,1,4
Kolkata,Lucknow,774,800,BlueDart,Autumn,8,4,0,0
Lucknow,Jaipur,2432,800,BlueDart,Summer,2,3,0,0
Kolkata,Pune,1324,800,Delhivery,Summer,9,2,1,3
Hyderabad,Delhi,4312,800,Delhivery,Summer,4,4,1,3
Pune,Ahmedabad,4005,800,DTDC,Autumn,1,5,0,0
Delhi,Pune,4039,800,DTDC,Summer,1,1,0,0
Hyderabad,Kolkata,3703,800,DHL,Summer,5,1,0,0
Mumbai,Lucknow,3195,800,Delhivery,Summer,7,6,1,4
Chennai,Bangalore,2876,350,FedEx,Monsoon,5,5,1,3
Lucknow,Chennai,1327,800,DTDC,Winter,3,4,0,0
Bangalore,Mumbai,710,800,BlueDart,Summer,7,1,1,2
Jaipur,Hyderabad,4393,800,Delhivery,Winter,1,7,0,0
Bangalore,Kolkata,2211,1900,FedEx,Monsoon,1,4,1,3
Hyderabad,Mumbai,1603,800,FedEx,Monsoon,2,3,0,0
Mumbai,Bangalore,3997,800,FedEx,Summer,1,7,0,0
Hyderabad,Bangalore,4955,800,BlueDart,Winter,9,2,1,3
Chennai,Lucknow,4155,800,DTDC,Autumn,4,10,0,0
Pune,Jaipur,1240,800,FedEx,Summer,7,1,0,0
Jaipur,Ahmedabad,2622,800,DTDC,Autumn,5,4,1,3
Chennai,Kolkata,3147,1660,DHL,Monsoon,7,8,1,5
Lucknow,Mumbai,1918,800,BlueDart,Monsoon,7,6,0,0
Lucknow,Pune,1800,800,DTDC,Winter,1,9,1,3
Hyderabad,Chennai,2938,800,DTDC,Autumn,1,1,1,2
Mumbai,Chennai,1098,800,FedEx,Autumn,3,1,1,2
Chennai,Lucknow,2391,800,FedEx,Summer,10,5,0,0
Ahmedabad,Chennai,4137,800,BlueDart,Winter,2,6,0,0
Mumbai,Kolkata,4973,800,DTDC,Winter,7,8,1,4
Pune,Lucknow,2955,800,Delhivery,Autumn,3,3,0,0
Lucknow,Delhi,3579,800,FedEx,Monsoon,7,6,1,4
Hyderabad,Kolkata,1175,800,FedEx,Winter,9,3,1,3
Kolkata,Chennai,610,1660,DHL,Monsoon,1,8,1,4
Lucknow,Jaipur,2035,800,BlueDart,Summer,3,4,0,0
Jaipur,Kolkata,1594,800,DTDC,Winter,6,2,0,0
Delhi,Lucknow,997,800,DTDC,Winter,9,9,1,4
Kolkata,Lucknow,1975,800,DTDC,Summer,5,10,0,0
Hyderabad,Delhi,1449,800,FedEx,Winter,3,8,1,3
Ahmedabad,Lucknow,4625,800,BlueDart,Autumn,8,6,1,3
Kolkata,Bangalore,878,1900,DTDC,Autumn,5,3,0,0
Jaipur,Chennai,2073,800,Delhivery,Summer,6,2,1,3
Mumbai,Delhi,1139,800,DHL,Monsoon,2,4,0,0
Ahmedabad,Mumbai,4388,800,DHL,Monsoon,4,4,0,0
Lucknow,Mumbai,4466,800,DTDC,Winter,1,1,0,0
Ahmedabad,Lucknow,3739,800,FedEx,Monsoon,4,9,0,0
Chennai,Jaipur,1944,800,DHL,Monsoon,1,10,1,4
Jaipur,Kolkata,1086,800,DHL,Summer,4,8,0,0
Kolkata,Hyderabad,1649,800,DHL,Monsoon,2,7,1,3
Chennai,Lucknow,1402,800,DHL,Monsoon,6,6,0,0
Ahmedabad,Bangalore,40,800,DTDC,Monsoon,6,3,1,4
Chennai,Bangalore,713,350,BlueDart,Autumn,8,4,0,0
Bangalore,Pune,878,800,BlueDart,Autumn,9,2,0,0
Jaipur,Lucknow,242,800,FedEx,Summer,8,7,0,0
Pune,Hyderabad,960,800,Delhivery,Winter,1,2,0,0
Mumbai,Bangalore,68,800,BlueDart,Summer,3,10,0,0
Ahmedabad,Mumbai,2828,800,Delhivery,Winter,6,1,0,0
Jaipur,Delhi,3610,800,BlueDart,Winter,1,6,0,0
Pune,Mumbai,3159,800,BlueDart,Monsoon,8,4,0,0
Pune,Lucknow,311,800,FedEx,Monsoon,6,8,0,0
Hyderabad,Jaipur,2860,800,DHL,Summer,1,1,0,0
Chennai,Pune,2954,800,FedEx,Summer,10,9,1,4
Pune,Bangalore,1933,800,BlueDart,Summer,2,6,0,0
Bangalore,Jaipur,326,800,DHL,Autumn,6,2,0,0
Jaipur,Delhi,1898,800,DHL,Autumn,10,8,1,4
Delhi,Bangalore,2725,800,DHL,Autumn,8,5,0,0
Delhi,Chennai,4795,800,Delhivery,Autumn,5,5,0,0
Ahmedabad,Pune,1891,800,BlueDart,Autumn,1,5,1,2
Lucknow,Mumbai,3908,800,DTDC,Monsoon,10,7,0,0
Chennai,Jaipur,4123,800,FedEx,Winter,2,7,0,0
Lucknow,Ahmedabad,1188,800,Delhivery,Autumn,4,10,1,3
Pune,Chennai,3865,800,FedEx,Summer,4,7,0,0
Jaipur,Kolkata,4883,800,DTDC,Winter,7,10,1,4
Ahmedabad,Mumbai,4465,800,DHL,Autumn,2,2,0,0
Kolkata,Chennai,341,1660,DTDC,Autumn,7,8,1,4
Pune,Mumbai,537,800,FedEx,Monsoon,7,1,0,0
Chennai,Mumbai,2069,800,DTDC,Monsoon,7,2,1,4
Delhi,Mumbai,1108,800,BlueDart,Monsoon,3,7,0,0
Hyderabad,Pune,221,800,DTDC,Autumn,6,4,0,0
Jaipur,Ahmedabad,1724,800,BlueDart,Monsoon,6,10,1,5
Mumbai,Kolkata,2698,800,DTDC,Autumn,4,10,0,0
Lucknow,Delhi,2340,800,BlueDart,Winter,1,9,0,0
Ahmedabad,Bangalore,3276,800,BlueDart,Winter,9,9,0,0
Lucknow,Pune,1042,800,DTDC,Autumn,2,3,0,0
Jaipur,Pune,1342,800,Delhivery,Summer,9,3,0,0
Lucknow,Hyderabad,1850,800,DHL,Autumn,8,9,0,0
Jaipur,Lucknow,4696,800,DHL,Winter,1,10,1,2
Lucknow,Jaipur,2148,800,DHL,Winter,7,8,0,0
Bangalore,Kolkata,4561,1900,BlueDart,Autumn,10,1,0,0
Kolkata,Mumbai,4101,800,DHL,Autumn,3,6,0,0
Pune,Mumbai,453,800,BlueDart,Autumn,10,7,1,4
Pune,Kolkata,4184,800,Delhivery,Winter,10,8,1,4
Chennai,Delhi,1508,800,DTDC,Summer,9,2,0,0
Mumbai,Ahmedabad,936,800,DTDC,Autumn,5,1,1,2
Mumbai,Pune,632,800,BlueDart,Winter,3,4,0,0
Chennai,Mumbai,1489,800,BlueDart,Autumn,8,1,1,3
Hyderabad,Ahmedabad,3047,800,Delhivery,Winter,3,2,0,0
Pune,Jaipur,3395,800,DHL,Autumn,7,3,0,0
Hyderabad,Kolkata,3328,800,Delhivery,Winter,7,4,0,0
Jaipur,Ahmedabad,243,800,DTDC,Autumn,7,6,1,4
Jaipur,Hyderabad,1627,800,DTDC,Monsoon,1,8,1,4
Delhi,Kolkata,2701,1500,DHL,Autumn,5,9,0,0
Lucknow,Ahmedabad,2040,800,DTDC,Winter,1,4,0,0
Mumbai,Lucknow,396,800,BlueDart,Autumn,7,1,1,2
Delhi,Pune,1644,800,DTDC,Summer,8,5,0,0
Kolkata,Hyderabad,4143,800,FedEx,Autumn,7,5,1,3
Chennai,Pune,1194,800,DHL,Autumn,1,9,0,0
Chennai,Bangalore,1977,350,DHL,Autumn,3,6,1,2
Jaipur,Delhi,250,800,DHL,Summer,10,5,0,0
Pune,Kolkata,571,800,FedEx,Summer,3,10,0,0
Hyderabad,Chennai,2009,800,Delhivery,Summer,7,10,1,4
Mumbai,Hyderabad,4911,800,BlueDart,Monsoon,4,5,0,0
Delhi,Jaipur,1939,800,DHL,Summer,3,8,1,3
Hyderabad,Chennai,4910,800,DTDC,Monsoon,6,1,1,4
Delhi,Lucknow,2789,800,BlueDart,Autumn,10,5,1,4
Lucknow,Ahmedabad,1685,800,DTDC,Monsoon,6,1,0,0
Kolkata,Pune,2525,800,BlueDart,Autumn,10,7,1,4
Kolkata,Jaipur,1687,800,BlueDart,Monsoon,5,7,1,4
Hyderabad,Ahmedabad,4151,800,DTDC,Summer,6,10,1,4
Hyderabad,Jaipur,3756,800,DTDC,Summer,3,8,0,0
Hyderabad,Bangalore,3366,800,BlueDart,Monsoon,10,7,1,5
Delhi,Mumbai,1661,800,DHL,Monsoon,5,9,1,4
Lucknow,Hyderabad,4187,800,DTDC,Summer,9,8,1,4
Bangalore,Mumbai,3851,800,FedEx,Autumn,4,8,1,3
Hyderabad,Lucknow,2451,800,FedEx,Autumn,2,3,0,0
Pune,Delhi,4895,800,BlueDart,Autumn,5,10,0,0
Mumbai,Bangalore,604,800,Delhivery,Autumn,3,4,1,2
Mumbai,Pune,2622,800,BlueDart,Winter,3,4,0,0
Delhi,Bangalore,4106,800,BlueDart,Autumn,4,1,1,2
Hyderabad,Jaipur,1506,800,DHL,Winter,4,6,1,3
Jaipur,Hyderabad,3565,800,DHL,Winter,5,2,0,0
Chennai,Pune,4871,800,Delhivery,Summer,7,9,0,0
Bangalore,Pune,4776,800,Delhivery,Summer,4,1,0,0
Pune,Hyderabad,3368,800,Delhivery,Monsoon,7,1,0,0
Lucknow,Jaipur,1611,800,Delhivery,Autumn,9,10,1,4
Jaipur,Lucknow,924,800,Delhivery,Autumn,3,6,0,0
Kolkata,Pune,1854,800,BlueDart,Summer,5,1,0,0
Jaipur,Lucknow,2005,800,BlueDart,Summer,4,3,0,0
Delhi,Chennai,104,800,FedEx,Summer,9,10,0,0
Bangalore,Chennai,502,350,FedEx,Monsoon,5,2,1,3
Ahmedabad,Mumbai,3079,800,DTDC,Autumn,10,9,0,0
Ahmedabad,Kolkata,159,800,BlueDart,Monsoon,2,5,1,3
Hyderabad,Chennai,1056,800,Delhivery,Winter,10,6,0,0
Hyderabad,Delhi,2813,800,DTDC,Winter,1,2,0,0
Delhi,Lucknow,408,800,DHL,Autumn,7,8,1,3
Lucknow,Bangalore,4960,800,BlueDart,Summer,1,6,0,0
Hyderabad,Jaipur,4486,800,FedEx,Summer,8,8,1,4
Chennai,Ahmedabad,561,800,BlueDart,Monsoon,9,8,1,5
Bangalore,Hyderabad,304,800,BlueDart,Winter,7,1,0,0
Delhi,Mumbai,1153,800,BlueDart,Winter,9,7,1,4
Mumbai,Kolkata,465,800,BlueDart,Autumn,10,2,1,3
Kolkata,Bangalore,1563,1900,DHL,Winter,6,8,0,0
Delhi,Mumbai,178,800,FedEx,Summer,7,2,0,0
Delhi,Hyderabad,4815,800,BlueDart,Summer,3,4,0,0
Ahmedabad,Hyderabad,1956,800,DHL,Summer,9,2,0,0
Pune,Delhi,263,800,DTDC,Autumn,3,7,0,0
Lucknow,Bangalore,2386,800,BlueDart,Monsoon,6,5,0,0
Pune,Hyderabad,1330,800,DHL,Winter,4,9,0,0
Chennai,Kolkata,2893,1660,Delhivery,Autumn,9,5,1,4
Mumbai,Lucknow,3617,800,DTDC,Monsoon,1,8,0,0
Ahmedabad,Kolkata,2135,800,FedEx,Autumn,9,2,1,3
Mumbai,Kolkata,3506,800,BlueDart,Winter,4,3,1,2
Chennai,Delhi,2250,800,BlueDart,Summer,10,6,0,0
Pune,Hyderabad,410,800,DHL,Monsoon,5,7,0,0
Delhi,Bangalore,2166,800,FedEx,Monsoon,1,10,1,4
Hyderabad,Pune,2386,800,Delhivery,Autumn,1,8,1,3
Hyderabad,Bangalore,372,800,DTDC,Autumn,6,3,0,0
Jaipur,Lucknow,3948,800,FedEx,Summer,10,7,1,4
Kolkata,Hyderabad,3861,800,BlueDart,Autumn,1,8,0,0
Lucknow,Pune,3422,800,DHL,Winter,2,10,0,0
Chennai,Ahmedabad,2316,800,Delhivery,Winter,3,6,1,3
Kolkata,Jaipur,94,800,DHL,Winter,7,4,1,3
Lucknow,Bangalore,1834,800,DTDC,Winter,2,6,0,0
Kolkata,Bangalore,3895,1900,FedEx,Summer,5,9,0,0
Pune,Kolkata,317,800,DHL,Summer,9,3,1,3
Lucknow,Bangalore,4367,800,DHL,Summer,10,2,0,0
Pune,Jaipur,1931,800,BlueDart,Autumn,8,5,1,3
Delhi,Jaipur,640,800,DHL,Summer,8,7,0,0
Ahmedabad,Delhi,4785,800,Delhivery,Monsoon,2,3,1,3
Pune,Chennai,4970,800,FedEx,Monsoon,1,5,0,0
Hyderabad,Mumbai,2381,800,DTDC,Monsoon,9,4,0,0
Kolkata,Chennai,3310,1660,DHL,Autumn,10,7,1,4
Jaipur,Chennai,3677,800,Delhivery,Autumn,4,2,0,0
Bangalore,Lucknow,736,800,DTDC,Summer,9,7,0,0
Lucknow,Bangalore,1658,800,Delhivery,Winter,7,2,1,3
Chennai,Delhi,4322,800,DHL,Monsoon,6,3,1,4
Jaipur,Lucknow,1279,800,DHL,Autumn,10,5,1,4
Hyderabad,Lucknow,4553,800,FedEx,Monsoon,9,7,1,5
Pune,Mumbai,328,800,BlueDart,Summer,10,6,1,4
Ahmedabad,Hyderabad,3485,800,Delhivery,Autumn,4,7,0,0
Delhi,Jaipur,2788,800,BlueDart,Winter,1,6,1,2
Bangalore,Chennai,3068,350,BlueDart,Winter,5,1,0,0
Mumbai,Lucknow,4144,800,DTDC,Autumn,6,5,1,3
Jaipur,Delhi,1612,800,DTDC,Winter,6,1,1,3
Ahmedabad,Hyderabad,2266,800,Delhivery,Summer,1,7,1,2
Mumbai,Delhi,839,800,BlueDart,Winter,7,4,0,0
Bangalore,Pune,865,800,FedEx,Monsoon,8,5,1,4
Chennai,Bangalore,2658,350,BlueDart,Monsoon,5,1,0,0
Chennai,Pune,1868,800,DTDC,Monsoon,2,8,1,4
Kolkata,Chennai,1112,1660,BlueDart,Autumn,2,4,0,0
Bangalore,Lucknow,2491,800,DHL,Autumn,5,3,1,2
Bangalore,Hyderabad,1830,800,DHL,Autumn,7,1,1,2
Mumbai,Chennai,4947,800,FedEx,Autumn,7,4,0,0
Ahmedabad,Jaipur,2089,800,Delhivery,Autumn,4,3,1,2
Lucknow,Hyderabad,3168,800,BlueDart,Summer,3,8,0,0
Mumbai,Bangalore,2450,800,DHL,Autumn,9,9,1,4
Delhi,Chennai,3694,800,Delhivery,Winter,7,5,0,0
Chennai,Jaipur,1265,800,DHL,Summer,2,9,0,0
Chennai,Pune,2967,800,Delhivery,Autumn,1,1,1,2
Kolkata,Ahmedabad,3661,800,Delhivery,Winter,2,7,0,0
Delhi,Mumbai,2249,800,DHL,Summer,3,7,1,2
Chennai,Lucknow,1949,800,DTDC,Monsoon,5,6,1,4
Mumbai,Chennai,279,800,Delhivery,Summer,3,4,0,0
Delhi,Hyderabad,4840,800,BlueDart,Autumn,10,9,0,0
Mumbai,Pune,4074,800,DHL,Summer,9,3,1,3
Lucknow,Ahmedabad,4989,800,DTDC,Summer,10,1,0,0
Lucknow,Bangalore,3785,800,DHL,Monsoon,4,2,1,3
Chennai,Kolkata,1122,1660,FedEx,Summer,7,3,1,3
Chennai,Pune,658,800,BlueDart,Summer,4,2,0,0
Ahmedabad,Jaipur,1189,800,FedEx,Monsoon,3,6,1,3
Lucknow,Delhi,2152,800,Delhivery,Autumn,10,7,1,4
Jaipur,Lucknow,26,800,Delhivery,Winter,1,5,0,0
Jaipur,Ahmedabad,126,800,FedEx,Summer,9,5,1,3
Kolkata,Jaipur,1555,800,FedEx,Monsoon,1,7,1,3
Lucknow,Hyderabad,3161,800,Delhivery,Summer,1,6,1,2
Mumbai,Ahmedabad,2703,800,DTDC,Autumn,1,8,1,3
Mumbai,Lucknow,4099,800,BlueDart,Autumn,5,9,1,3
Hyderabad,Chennai,1286,800,DHL,Monsoon,7,2,1,4
Delhi,Hyderabad,3250,800,FedEx,Winter,7,2,0,0
Pune,Lucknow,4952,800,BlueDart,Winter,10,1,0,0
Jaipur,Mumbai,3798,800,DHL,Summer,1,7,1,2
Chennai,Kolkata,381,1660,DHL,Monsoon,6,4,0,0
Kolkata,Pune,2817,800,FedEx,Winter,9,9,0,0
Pune,Lucknow,165,800,DTDC,Autumn,6,6,1,3
Bangalore,Ahmedabad,2671,800,DTDC,Winter,4,7,1,3
Kolkata,Jaipur,474,800,BlueDart,Monsoon,10,7,1,5
Bangalore,Lucknow,4888,800,BlueDart,Autumn,9,8,1,4
Lucknow,Chennai,4909,800,Delhivery,Summer,3,4,0,0
Bangalore,Mumbai,4325,800,DTDC,Autumn,10,3,1,4
Bangalore,Jaipur,1783,800,BlueDart,Winter,4,3,1,2
Ahmedabad,Delhi,126,800,Delhivery,Winter,4,10,1,3
Ahmedabad,Mumbai,2113,800,DHL,Winter,4,8,1,3
Ahmedabad,Pune,1384,800,BlueDart,Summer,6,3,1,3
Lucknow,Jaipur,3213,800,Delhivery,Winter,7,8,1,4
Pune,Lucknow,4413,800,DTDC,Monsoon,9,2,1,4
Kolkata,Bangalore,3556,1900,DHL,Summer,3,5,0,0
Kolkata,Ahmedabad,3987,800,BlueDart,Autumn,8,5,1,3
Chennai,Pune,4327,800,DTDC,Winter,8,7,0,0
Ahmedabad,Lucknow,1206,800,DHL,Monsoon,1,5,1,3
Lucknow,Delhi,3421,800,FedEx,Monsoon,5,9,1,4
Chennai,Jaipur,806,800,DTDC,Summer,10,3,1,4
Delhi,Pune,3902,800,FedEx,Monsoon,5,9,0,0
Chennai,Kolkata,160,1660,BlueDart,Summer,8,1,0,0
Pune,Delhi,3259,800,Delhivery,Summer,8,3,1,3
Jaipur,Pune,121,800,BlueDart,Summer,2,4,1,2
Bangalore,Hyderabad,692,800,DTDC,Autumn,3,6,0,0
Ahmedabad,Hyderabad,1171,800,FedEx,Autumn,2,10,0,0
Jaipur,Ahmedabad,2389,800,FedEx,Monsoon,1,8,1,3
Chennai,Mumbai,4998,800,DHL,Autumn,2,7,0,0
Lucknow,Pune,170,800,BlueDart,Summer,10,8,1,4
Bangalore,Kolkata,1435,1900,BlueDart,Summer,6,6,1,4
Kolkata,Lucknow,3671,800,DTDC,Autumn,1,6,0,0
Mumbai,Delhi,287,800,FedEx,Monsoon,6,6,0,0
Bangalore,Delhi,3401,800,DTDC,Summer,1,3,0,0
Pune,Hyderabad,1566,800,DTDC,Autumn,2,10,0,0
Pune,Mumbai,4602,800,FedEx,Winter,8,4,0,0
Chennai,Kolkata,1925,1660,DTDC,Monsoon,6,6,1,5
Delhi,Jaipur,4760,800,FedEx,Monsoon,9,7,1,5
Pune,Kolkata,3117,800,DTDC,Monsoon,1,3,0,0
Pune,Lucknow,312,800,Delhivery,Winter,5,4,1,3
Lucknow,Hyderabad,4543,800,DTDC,Summer,7,6,0,0
Chennai,Mumbai,2783,800,DTDC,Monsoon,9,1,1,4
Bangalore,Ahmedabad,4291,800,Delhivery,Autumn,9,7,1,4
Delhi,Ahmedabad,3255,800,BlueDart,Monsoon,4,1,0,0
Jaipur,Hyderabad,4778,800,FedEx,Autumn,4,10,0,0
Mumbai,Jaipur,1010,800,DHL,Monsoon,4,9,1,4
Ahmedabad,Hyderabad,3844,800,Delhivery,Autumn,3,10,0,0
Kolkata,Hyderabad,4016,800,BlueDart,Autumn,8,9,0,0
Pune,Delhi,4788,800,DTDC,Autumn,5,9,0,0
Chennai,Kolkata,1728,1660,BlueDart,Winter,7,4,1,3
Ahmedabad,Kolkata,3840,800,Delhivery,Winter,10,2,1,4
Kolkata,Chennai,3191,1660,DTDC,Winter,6,7,1,4
Kolkata,Delhi,2892,1500,BlueDart,Summer,9,4,1,4
Jaipur,Ahmedabad,1008,800,DHL,Autumn,3,5,1,2
Jaipur,Delhi,294,800,FedEx,Summer,6,1,0,0
Jaipur,Mumbai,430,800,FedEx,Winter,3,10,1,3
Hyderabad,Kolkata,2170,800,Delhivery,Autumn,2,6,1,2
Hyderabad,Mumbai,3075,800,DTDC,Summer,3,7,1,3
Kolkata,Mumbai,2285,800,DTDC,Winter,2,3,1,2
Jaipur,Mumbai,1504,800,FedEx,Summer,2,10,0,0
Lucknow,Hyderabad,3894,800,BlueDart,Summer,10,2,0,0
Pune,Lucknow,4633,800,DTDC,Winter,7,10,0,0
Ahmedabad,Mumbai,2553,800,DHL,Autumn,10,7,1,4
Ahmedabad,Kolkata,4136,800,DHL,Monsoon,3,1,0,0
Hyderabad,Lucknow,4267,800,DTDC,Monsoon,8,2,0,0
Kolkata,Lucknow,1851,800,DTDC,Summer,2,3,0,0
Chennai,Mumbai,4810,800,FedEx,Summer,7,4,0,0
Bangalore,Jaipur,731,800,Delhivery,Summer,3,5,0,0
Bangalore,Mumbai,1411,800,FedEx,Autumn,9,4,0,0
Hyderabad,Jaipur,455,800,Delhivery,Summer,7,10,0,0
Chennai,Mumbai,2801,800,DHL,Summer,9,3,1,3
Hyderabad,Kolkata,4532,800,Delhivery,Summer,2,1,1,2
Bangalore,Jaipur,3777,800,FedEx,Winter,6,7,0,0
Chennai,Ahmedabad,2561,800,DTDC,Monsoon,5,10,1,5
Jaipur,Lucknow,1977,800,Delhivery,Monsoon,2,6,1,4
Kolkata,Mumbai,3898,800,FedEx,Winter,4,2,1,2
Ahmedabad,Lucknow,4826,800,DHL,Autumn,4,2,0,0
Lucknow,Mumbai,2741,800,Delhivery,Autumn,8,3,1,3
Delhi,Chennai,2639,800,DHL,Autumn,7,8,0,0
Kolkata,Mumbai,1974,800,DHL,Winter,5,8,0,0
Jaipur,Bangalore,1067,800,BlueDart,Monsoon,9,10,1,5
Bangalore,Delhi,4841,800,Delhivery,Monsoon,1,10,1,4
Jaipur,Delhi,767,800,FedEx,Summer,4,10,0,0
Hyderabad,Lucknow,1805,800,Delhivery,Monsoon,5,10,1,5
Chennai,Jaipur,1653,800,Delhivery,Autumn,8,8,0,0
Ahmedabad,Mumbai,4859,800,DHL,Autumn,3,7,1,2
Pune,Chennai,33,800,DHL,Summer,5,2,0,0
Hyderabad,Mumbai,1249,800,DHL,Summer,3,1,0,0
Kolkata,Mumbai,4160,800,DHL,Monsoon,7,6,0,0
Hyderabad,Chennai,3107,800,FedEx,Summer,10,8,0,0
Kolkata,Delhi,1314,1500,DTDC,Summer,3,1,0,0
Pune,Bangalore,2552,800,BlueDart,Winter,7,3,0,0
Mumbai,Lucknow,3722,800,DHL,Monsoon,2,1,0,0
Ahmedabad,Delhi,3965,800,DHL,Autumn,7,10,0,0
Lucknow,Chennai,4539,800,BlueDart,Winter,9,9,0,0
Lucknow,Mumbai,4313,800,DHL,Autumn,5,7,0,0
Delhi,Bangalore,4238,800,DTDC,Summer,6,8,1,4
Jaipur,Kolkata,1315,800,Delhivery,Summer,10,9,1,5
Mumbai,Delhi,4474,800,BlueDart,Autumn,3,3,1,2
Lucknow,Ahmedabad,3184,800,FedEx,Winter,10,10,1,4
Hyderabad,Chennai,3638,800,BlueDart,Winter,5,2,0,0
Jaipur,Hyderabad,791,800,DTDC,Winter,5,6,1,3
Mumbai,Jaipur,576,800,FedEx,Summer,3,5,0,0
Chennai,Ahmedabad,4632,800,Delhivery,Monsoon,8,4,0,0
Chennai,Delhi,4142,800,DHL,Summer,6,6,0,0
Jaipur,Mumbai,4283,800,BlueDart,Autumn,3,6,0,0
Kolkata,Jaipur,648,800,FedEx,Winter,1,3,1,1
Kolkata,Jaipur,3710,800,BlueDart,Monsoon,10,2,0,0
Hyderabad,Lucknow,4177,800,Delhivery,Winter,1,9,1,3
Mumbai,Ahmedabad,2409,800,BlueDart,Summer,10,8,0,0
Mumbai,Delhi,2680,800,FedEx,Monsoon,2,4,1,3
Jaipur,Lucknow,1182,800,DTDC,Monsoon,10,6,1,5
Bangalore,Chennai,1730,350,FedEx,Summer,5,3,0,0
Chennai,Ahmedabad,114,800,BlueDart,Winter,7,8,0,0
Mumbai,Lucknow,1692,800,Delhivery,Winter,1,3,0,0
Jaipur,Bangalore,4326,800,DHL,Winter,1,2,0,0
Pune,Kolkata,1859,800,DHL,Summer,4,7,0,0
Delhi,Hyderabad,872,800,Delhivery,Autumn,10,3,1,4
Pune,Ahmedabad,3455,800,BlueDart,Autumn,6,9,0,0
Ahmedabad,Chennai,2575,800,Delhivery,Winter,9,3,0,0
Hyderabad,Chennai,308,800,BlueDart,Monsoon,1,8,0,0
Mumbai,Pune,2918,800,FedEx,Autumn,10,2,0,0
Ahmedabad,Lucknow,4147,800,DTDC,Winter,5,9,0,0
Lucknow,Chennai,780,800,BlueDart,Autumn,9,1,0,0
Ahmedabad,Chennai,2549,800,DHL,Winter,8,3,1,3
Jaipur,Hyderabad,1472,800,DHL,Autumn,7,2,0,0
Mumbai,Ahmedabad,3864,800,DTDC,Autumn,10,7,0,0
Delhi,Pune,3128,800,BlueDart,Monsoon,2,5,1,3
Jaipur,Mumbai,2142,800,DTDC,Monsoon,9,8,1,5
Jaipur,Bangalore,1719,800,FedEx,Autumn,8,2,0,0
Hyderabad,Lucknow,1000,800,DTDC,Winter,10,8,1,4
Hyderabad,Ahmedabad,720,800,FedEx,Monsoon,10,7,0,0
Chennai,Ahmedabad,4314,800,DHL,Summer,9,5,1,3
Chennai,Hyderabad,48,800,FedEx,Monsoon,9,2,0,0
Kolkata,Bangalore,1285,1900,BlueDart,Autumn,9,10,1,5
Bangalore,Hyderabad,4867,800,BlueDart,Autumn,3,7,1,2
Mumbai,Delhi,1446,800,BlueDart,Summer,7,10,0,0
Mumbai,Chennai,3003,800,BlueDart,Monsoon,1,4,0,0
Ahmedabad,Chennai,1479,800,Delhivery,Autumn,9,4,1,4
Mumbai,Hyderabad,2109,800,FedEx,Summer,9,8,1,4
Mumbai,Lucknow,383,800,BlueDart,Summer,3,6,0,0
Bangalore,Kolkata,4261,1900,DTDC,Winter,5,9,1,4
Lucknow,Bangalore,4035,800,DTDC,Monsoon,8,2,1,4
Chennai,Mumbai,1123,800,Delhivery,Monsoon,6,5,1,4
Chennai,Ahmedabad,2736,800,FedEx,Monsoon,10,6,1,5
Delhi,Pune,2408,800,FedEx,Autumn,10,8,1,4
Mumbai,Jaipur,3244,800,FedEx,Summer,9,4,0,0
Bangalore,Mumbai,1275,800,Delhivery,Winter,3,7,1,3
Chennai,Kolkata,3133,1660,FedEx,Monsoon,7,7,1,5
Bangalore,Hyderabad,663,800,FedEx,Winter,6,4,0,0
Pune,Delhi,4168,800,BlueDart,Winter,5,1,1,2
Lucknow,Mumbai,518,800,FedEx,Summer,4,3,1,2
Mumbai,Jaipur,2349,800,BlueDart,Monsoon,5,2,1,3
Delhi,Ahmedabad,3172,800,BlueDart,Winter,4,3,0,0
Ahmedabad,Kolkata,1697,800,FedEx,Monsoon,3,5,0,0
Chennai,Lucknow,1398,800,DTDC,Monsoon,7,1,1,4
Pune,Delhi,2207,800,DHL,Monsoon,6,5,0,0
Bangalore,Jaipur,3921,800,DTDC,Winter,4,2,0,0
Hyderabad,Lucknow,2938,800,FedEx,Summer,9,4,0,0
Jaipur,Mumbai,4809,800,FedEx,Summer,1,6,1,2
Mumbai,Pune,525,800,DTDC,Winter,1,9,1,3
Mumbai,Jaipur,3668,800,FedEx,Autumn,9,10,1,4
Pune,Bangalore,1843,800,BlueDart,Monsoon,7,6,1,4
Bangalore,Kolkata,39,1900,Delhivery,Monsoon,2,10,1,5
Kolkata,Bangalore,3224,1900,FedEx,Summer,10,2,0,0
Mumbai,Pune,335,800,FedEx,Winter,5,8,0,0
Kolkata,Lucknow,3776,800,DTDC,Winter,4,5,1,3
Hyderabad,Bangalore,4121,800,BlueDart,Autumn,1,9,0,0
Pune,Hyderabad,120,800,DTDC,Autumn,9,10,1,4
Bangalore,Jaipur,116,800,DTDC,Summer,6,9,1,4
Bangalore,Ahmedabad,2436,800,FedEx,Autumn,6,4,0,0
Lucknow,Delhi,4388,800,BlueDart,Autumn,4,1,0,0
Jaipur,Ahmedabad,4374,800,FedEx,Winter,2,9,1,3
Chennai,Delhi,2541,800,FedEx,Winter,8,9,1,4
Chennai,Delhi,3154,800,FedEx,Autumn,8,8,1,4
Ahmedabad,Delhi,4703,800,FedEx,Summer,3,5,1,2
Delhi,Mumbai,808,800,Delhivery,Autumn,7,5,0,0
Pune,Mumbai,2447,800,DHL,Summer,7,10,1,4
Hyderabad,Pune,2021,800,BlueDart,Autumn,5,6,0,0
Bangalore,Hyderabad,435,800,Delhivery,Winter,5,1,0,0
Jaipur,Bangalore,3054,800,DHL,Winter,8,9,1,4
Kolkata,Mumbai,3298,800,DHL,Summer,4,5,1,2
Pune,Hyderabad,2924,800,DHL,Autumn,1,7,0,0
Ahmedabad,Mumbai,1249,800,Delhivery,Autumn,1,8,1,3
Pune,Lucknow,3401,800,BlueDart,Summer,9,5,0,0
Ahmedabad,Delhi,4223,800,DTDC,Autumn,4,3,1,2
Bangalore,Mumbai,4007,800,DHL,Monsoon,1,6,1,3
Delhi,Pune,3016,800,DTDC,Winter,2,7,1,3
Ahmedabad,Hyderabad,3049,800,DTDC,Winter,10,4,1,4
Bangalore,Ahmedabad,608,800,FedEx,Summer,7,9,0,0
Bangalore,Hyderabad,2097,800,DTDC,Autumn,2,4,0,0
Delhi,Kolkata,1194,1500,FedEx,Summer,1,10,1,3
Chennai,Kolkata,2760,1660,BlueDart,Monsoon,10,2,1,5
Pune,Bangalore,2594,800,BlueDart,Autumn,9,9,1,4
Mumbai,Jaipur,4769,800,FedEx,Monsoon,5,4,1,4
Mumbai,Pune,3523,800,BlueDart,Summer,4,4,0,0
Kolkata,Lucknow,4755,800,DHL,Winter,4,10,0,0
Kolkata,Mumbai,4064,800,BlueDart,Monsoon,1,1,1,2
Mumbai,Pune,4393,800,FedEx,Autumn,3,2,0,0
Hyderabad,Chennai,3946,800,DHL,Summer,1,3,0,0
Mumbai,Pune,1709,800,DTDC,Summer,5,7,1,3
Kolkata,Mumbai,4517,800,DTDC,Summer,5,9,0,0
Jaipur,Kolkata,2585,800,DTDC,Winter,9,5,1,4
Kolkata,Bangalore,145,1900,FedEx,Summer,8,4,0,0
Hyderabad,Kolkata,2035,800,DTDC,Summer,5,2,0,0
Pune,Chennai,3545,800,BlueDart,Winter,5,7,1,3
Mumbai,Bangalore,4864,800,DTDC,Summer,7,6,0,0
Delhi,Kolkata,2900,1500,Delhivery,Summer,2,7,0,0
Jaipur,Bangalore,2767,800,Delhivery,Monsoon,7,8,0,0
Bangalore,Mumbai,3783,800,DTDC,Summer,1,9,1,3
Hyderabad,Jaipur,390,800,DTDC,Winter,5,10,0,0
Kolkata,Hyderabad,1538,800,Delhivery,Monsoon,6,5,1,4
Delhi,Kolkata,4911,1500,DTDC,Summer,10,5,0,0
Ahmedabad,Kolkata,4581,800,DHL,Winter,1,4,0,0
Chennai,Kolkata,3638,1660,Delhivery,Autumn,9,3,1,4
Mumbai,Chennai,858,800,FedEx,Summer,9,7,1,4
Chennai,Hyderabad,4137,800,Delhivery,Autumn,1,5,0,0
Hyderabad,Chennai,1937,800,BlueDart,Monsoon,4,7,0,0
Ahmedabad,Mumbai,2175,800,DHL,Winter,8,2,0,0
Ahmedabad,Bangalore,4296,800,FedEx,Monsoon,2,9,1,4
Ahmedabad,Jaipur,2131,800,DTDC,Autumn,8,9,0,0
Bangalore,Pune,4728,800,BlueDart,Autumn,10,9,0,0
Hyderabad,Delhi,2928,800,BlueDart,Autumn,9,5,0,0
Pune,Mumbai,4691,800,DHL,Winter,9,10,0,0
Chennai,Bangalore,482,350,FedEx,Autumn,1,9,1,2
Pune,Kolkata,1797,800,BlueDart,Autumn,9,1,0,0
Delhi,Mumbai,123,800,FedEx,Winter,4,2,0,0
Lucknow,Bangalore,1346,800,FedEx,Autumn,8,10,1,4
Jaipur,Bangalore,348,800,BlueDart,Summer,9,5,1,3
Jaipur,Kolkata,2295,800,FedEx,Autumn,3,5,0,0
Pune,Bangalore,1206,800,DHL,Winter,6,6,1,3
Lucknow,Jaipur,88,800,BlueDart,Autumn,3,8,1,3
Lucknow,Mumbai,4569,800,DHL,Winter,1,1,0,0
Mumbai,Kolkata,2662,800,DHL,Autumn,10,10,1,4
Delhi,Kolkata,4667,1500,FedEx,Summer,6,9,1,4
Hyderabad,Mumbai,4390,800,FedEx,Winter,5,4,0,0
Lucknow,Delhi,4328,800,BlueDart,Winter,3,8,1,3
Kolkata,Mumbai,2650,800,DTDC,Winter,4,5,0,0
Jaipur,Hyderabad,1266,800,BlueDart,Winter,2,1,0,0
Kolkata,Bangalore,837,1900,DHL,Autumn,10,9,0,0
Delhi,Pune,2728,800,FedEx,Autumn,10,8,1,4
Lucknow,Kolkata,4933,800,DHL,Summer,4,5,1,2
Chennai,Lucknow,2820,800,Delhivery,Summer,4,4,0,0
Jaipur,Ahmedabad,3395,800,Delhivery,Autumn,3,8,1,3
Mumbai,Kolkata,1975,800,DHL,Monsoon,6,9,0,0
Mumbai,Hyderabad,2437,800,DTDC,Winter,1,7,0,0
Ahmedabad,Kolkata,2851,800,DTDC,Autumn,9,4,0,0
Bangalore,Hyderabad,623,800,BlueDart,Summer,10,7,1,4
Lucknow,Jaipur,572,800,BlueDart,Winter,3,6,0,0
Delhi,Chennai,4836,800,BlueDart,Summer,3,3,0,0
Jaipur,Hyderabad,4362,800,FedEx,Monsoon,3,10,1,4
Bangalore,Jaipur,194,800,DTDC,Winter,7,3,1,3
Delhi,Lucknow,2202,800,DHL,Monsoon,8,1,0,0
Pune,Ahmedabad,4075,800,Delhivery,Monsoon,2,5,0,0
Lucknow,Bangalore,255,800,DTDC,Monsoon,1,8,1,4
Hyderabad,Mumbai,4096,800,DTDC,Autumn,5,6,0,0
Hyderabad,Chennai,2244,800,DTDC,Summer,8,8,0,0
Lucknow,Hyderabad,875,800,BlueDart,Winter,3,7,0,0
Ahmedabad,Bangalore,2097,800,FedEx,Autumn,6,2,0,0
Ahmedabad,Mumbai,610,800,DHL,Summer,3,8,1,3
Hyderabad,Ahmedabad,3043,800,BlueDart,Autumn,6,4,0,0
Chennai,Mumbai,2066,800,FedEx,Summer,4,5,0,0
Jaipur,Lucknow,2141,800,DTDC,Winter,7,8,1,4
Hyderabad,Mumbai,542,800,FedEx,Winter,10,5,0,0
Chennai,Ahmedabad,2052,800,BlueDart,Winter,1,5,1,2
Bangalore,Mumbai,367,800,DTDC,Winter,1,6,0,0
Chennai,Pune,387,800,BlueDart,Summer,5,7,1,3
Bangalore,Chennai,2229,350,DHL,Autumn,9,9,0,0
Delhi,Ahmedabad,4498,800,DTDC,Winter,5,7,0,0
Kolkata,Pune,4807,800,FedEx,Winter,4,6,0,0
Delhi,Mumbai,3317,800,BlueDart,Winter,8,10,1,4
Hyderabad,Mumbai,2606,800,Delhivery,Monsoon,5,4,0,0
Bangalore,Hyderabad,793,800,FedEx,Winter,1,10,1,2
Hyderabad,Ahmedabad,2389,800,FedEx,Winter,7,2,1,3
Lucknow,Jaipur,3613,800,DTDC,Summer,4,9,1,3
Jaipur,Mumbai,992,800,FedEx,Monsoon,10,10,0,0
Mumbai,Kolkata,3952,800,BlueDart,Summer,5,5,0,0
Hyderabad,Jaipur,2600,800,Delhivery,Autumn,6,5,0,0
Jaipur,Lucknow,1052,800,DHL,Monsoon,7,3,0,0
Chennai,Bangalore,2548,350,Delhivery,Summer,2,3,0,0
Delhi,Bangalore,871,800,BlueDart,Summer,1,1,1,1
Chennai,Kolkata,1886,1660,DTDC,Autumn,3,5,0,0
Mumbai,Bangalore,1845,800,BlueDart,Autumn,10,3,1,3
Bangalore,Mumbai,4218,800,FedEx,Winter,1,2,0,0
Lucknow,Bangalore,3536,800,DTDC,Winter,4,9,0,0
Jaipur,Ahmedabad,1695,800,DHL,Monsoon,6,10,0,0
Lucknow,Mumbai,3411,800,DHL,Monsoon,5,6,0,0
Kolkata,Delhi,1632,1500,BlueDart,Autumn,4,3,0,0
Hyderabad,Mumbai,4967,800,FedEx,Monsoon,7,7,1,4
Bangalore,Jaipur,2667,800,DHL,Winter,6,9,1,3
Kolkata,Hyderabad,1942,800,Delhivery,Autumn,3,9,1,3
Pune,Jaipur,517,800,DTDC,Summer,9,1,0,0
Hyderabad,Bangalore,4571,800,Delhivery,Autumn,5,2,0,0
Chennai,Pune,3488,800,DHL,Monsoon,10,8,0,0
Delhi,Jaipur,2666,800,DHL,Winter,1,1,0,0
Jaipur,Hyderabad,1131,800,BlueDart,Winter,6,3,0,0
Mumbai,Pune,299,800,BlueDart,Summer,5,7,0,0
Mumbai,Bangalore,2839,800,DTDC,Summer,10,8,1,4
Chennai,Jaipur,2219,800,BlueDart,Autumn,8,5,1,3
Ahmedabad,Kolkata,4822,800,FedEx,Winter,4,2,0,0
Mumbai,Pune,1410,800,DTDC,Summer,1,3,1,2
Jaipur,Mumbai,576,800,FedEx,Summer,2,9,1,3
Chennai,Hyderabad,1483,800,BlueDart,Autumn,8,10,0,0
Bangalore,Mumbai,1997,800,DTDC,Autumn,10,7,0,0
Mumbai,Jaipur,3797,800,DHL,Winter,8,1,0,0
Lucknow,Chennai,3875,800,Delhivery,Monsoon,5,3,1,4
Chennai,Kolkata,3270,1660,DHL,Monsoon,6,9,0,0
Jaipur,Delhi,3557,800,FedEx,Winter,2,7,0,0
Lucknow,Kolkata,3261,800,DHL,Monsoon,9,2,0,0
Hyderabad,Mumbai,1726,800,DHL,Winter,6,6,1,3
Hyderabad,Lucknow,1022,800,Delhivery,Winter,9,9,0,0
Mumbai,Hyderabad,1320,800,Delhivery,Summer,10,4,0,0
Lucknow,Hyderabad,4580,800,DHL,Monsoon,3,10,0,0
Delhi,Bangalore,627,800,Delhivery,Winter,6,2,1,3
Hyderabad,Mumbai,4746,800,DHL,Monsoon,10,3,0,0
Delhi,Kolkata,4267,1500,DTDC,Monsoon,5,7,0,0
Bangalore,Pune,1992,800,DHL,Autumn,9,4,0,0
Chennai,Ahmedabad,2238,800,BlueDart,Monsoon,10,7,1,5
Kolkata,Mumbai,4830,800,Delhivery,Winter,1,5,0,0
Jaipur,Mumbai,478,800,Delhivery,Summer,9,8,1,4
Chennai,Jaipur,4126,800,FedEx,Monsoon,5,8,0,0
Jaipur,Chennai,4365,800,FedEx,Winter,1,5,0,0
Lucknow,Kolkata,1149,800,BlueDart,Autumn,10,7,1,4
Bangalore,Pune,1446,800,Delhivery,Monsoon,8,6,0,0
Pune,Jaipur,546,800,Delhivery,Summer,7,8,0,0
Mumbai,Pune,961,800,FedEx,Monsoon,6,9,1,4
Jaipur,Delhi,2823,800,FedEx,Winter,2,5,0,0
Jaipur,Chennai,3016,800,DHL,Monsoon,5,7,1,4
Lucknow,Mumbai,4004,800,Delhivery,Monsoon,3,1,0,0
Delhi,Lucknow,1850,800,Delhivery,Autumn,2,8,1,3
Chennai,Bangalore,860,350,DHL,Monsoon,10,3,0,0
Pune,Bangalore,1981,800,Delhivery,Summer,1,1,0,0
Ahmedabad,Lucknow,1201,800,BlueDart,Monsoon,9,6,1,5
Mumbai,Chennai,3930,800,FedEx,Autumn,2,8,1,2
Kolkata,Jaipur,4638,800,FedEx,Winter,1,3,0,0
Ahmedabad,Delhi,2072,800,FedEx,Monsoon,7,1,1,4
Chennai,Bangalore,3056,350,DTDC,Monsoon,9,3,0,0
Mumbai,Bangalore,4409,800,BlueDart,Autumn,6,5,0,0
Jaipur,Mumbai,3568,800,BlueDart,Autumn,8,8,1,4
Kolkata,Delhi,4521,1500,DHL,Autumn,7,9,0,0
Delhi,Jaipur,314,800,DTDC,Monsoon,9,9,0,0
Pune,Lucknow,4918,800,Delhivery,Summer,7,4,1,3
Delhi,Bangalore,2857,800,BlueDart,Autumn,6,8,1,3
Bangalore,Pune,2445,800,DTDC,Winter,1,5,0,0
Lucknow,Kolkata,2814,800,DTDC,Monsoon,9,3,1,5
Mumbai,Chennai,1994,800,BlueDart,Winter,10,5,1,4
Delhi,Lucknow,3946,800,DHL,Winter,5,2,0,0
Ahmedabad,Hyderabad,722,800,DTDC,Summer,2,6,0,0
Lucknow,Mumbai,2905,800,FedEx,Winter,8,1,0,0
Delhi,Hyderabad,1691,800,DTDC,Autumn,4,6,1,3
Hyderabad,Pune,1343,800,Delhivery,Autumn,3,5,0,0
Bangalore,Kolkata,3208,1900,BlueDart,Monsoon,1,9,1,4
Chennai,Jaipur,184,800,Delhivery,Summer,5,7,0,0
Pune,Kolkata,3215,800,DHL,Summer,3,6,0,0
Bangalore,Lucknow,1426,800,FedEx,Winter,4,7,1,3
Lucknow,Jaipur,1997,800,BlueDart,Summer,9,10,1,4
Hyderabad,Lucknow,4863,800,DTDC,Winter,7,5,0,0
Mumbai,Delhi,1782,800,FedEx,Winter,5,1,0,0
Ahmedabad,Delhi,4276,800,DTDC,Summer,8,9,1,4
Pune,Bangalore,1084,800,DHL,Monsoon,6,5,1,4
Pune,Chennai,4770,800,BlueDart,Winter,10,4,0,0
Bangalore,Lucknow,601,800,DHL,Autumn,2,6,0,0
Lucknow,Hyderabad,2988,800,DHL,Autumn,7,5,1,3
Mumbai,Delhi,3992,800,DHL,Summer,1,1,0,0
Jaipur,Lucknow,2420,800,DHL,Summer,3,2,1,2
Hyderabad,Ahmedabad,857,800,DTDC,Winter,1,4,1,2
Jaipur,Chennai,503,800,Delhivery,Winter,1,8,0,0
Ahmedabad,Chennai,555,800,DTDC,Autumn,5,5,1,3
Mumbai,Chennai,2296,800,FedEx,Winter,6,7,0,0
Mumbai,Pune,2707,800,DHL,Autumn,3,2,0,0
Hyderabad,Bangalore,3847,800,FedEx,Winter,3,8,0,0
Kolkata,Delhi,1550,1500,DTDC,Monsoon,3,5,0,0
Jaipur,Pune,893,800,DHL,Monsoon,1,4,1,3
Delhi,Kolkata,3966,1500,DTDC,Autumn,5,9,1,4
Pune,Jaipur,3104,800,DHL,Monsoon,1,6,0,0
Kolkata,Mumbai,2375,800,DTDC,Monsoon,10,4,0,0
Delhi,Hyderabad,3357,800,BlueDart,Summer,10,8,1,4
Lucknow,Jaipur,3081,800,Delhivery,Winter,3,3,1,2
Hyderabad,Mumbai,3685,800,Delhivery,Summer,6,10,0,0
Lucknow,Chennai,4725,800,DHL,Autumn,6,2,1,2
Pune,Hyderabad,962,800,BlueDart,Summer,3,7,1,2
Chennai,Jaipur,3310,800,FedEx,Autumn,9,4,0,0
Delhi,Chennai,3745,800,BlueDart,Monsoon,8,4,0,0
Kolkata,Hyderabad,3189,800,DHL,Summer,3,10,0,0
Delhi,Pune,2973,800,BlueDart,Monsoon,5,9,1,4
Delhi,Mumbai,4037,800,FedEx,Winter,5,2,0,0
Hyderabad,Pune,3257,800,DHL,Monsoon,5,1,0,0
Lucknow,Pune,4425,800,Delhivery,Winter,3,7,0,0
Jaipur,Pune,3367,800,BlueDart,Monsoon,5,8,1,4
Chennai,Lucknow,4981,800,Delhivery,Summer,5,3,0,0
Hyderabad,Ahmedabad,4858,800,Delhivery,Summer,4,2,1,2
Ahmedabad,Hyderabad,2714,800,DTDC,Monsoon,4,4,1,4
Hyderabad,Delhi,1047,800,FedEx,Autumn,2,2,0,0
Pune,Bangalore,80,800,BlueDart,Autumn,9,2,0,0
Chennai,Kolkata,2884,1660,Delhivery,Winter,7,5,0,0
Mumbai,Kolkata,115,800,Delhivery,Winter,1,10,0,0
Ahmedabad,Jaipur,779,800,FedEx,Monsoon,5,5,1,4
Bangalore,Mumbai,2019,800,Delhivery,Summer,2,8,0,0
Hyderabad,Chennai,2950,800,Delhivery,Winter,10,9,1,5
Delhi,Kolkata,2202,1500,Delhivery,Monsoon,6,2,1,4
Jaipur,Mumbai,3505,800,Delhivery,Winter,7,1,0,0
Mumbai,Chennai,4321,800,DTDC,Summer,2,3,1,2
Hyderabad,Kolkata,4365,800,DTDC,Winter,6,6,0,0
Hyderabad,Ahmedabad,943,800,DHL,Monsoon,3,5,1,3
Kolkata,Lucknow,584,800,BlueDart,Winter,9,8,1,4
Kolkata,Lucknow,3940,800,FedEx,Autumn,4,8,1,3
Mumbai,Lucknow,4390,800,DHL,Winter,3,2,0,0
Lucknow,Mumbai,4097,800,DTDC,Summer,3,9,1,3
Kolkata,Lucknow,2541,800,DTDC,Summer,2,4,0,0
Delhi,Jaipur,2429,800,DTDC,Summer,9,1,0,0
Ahmedabad,Delhi,79,800,DHL,Summer,8,2,1,3
Bangalore,Mumbai,4484,800,DTDC,Monsoon,5,6,0,0
Chennai,Mumbai,1312,800,DHL,Winter,9,5,0,0
Bangalore,Ahmedabad,3824,800,DTDC,Winter,2,7,0,0
Bangalore,Lucknow,2359,800,Delhivery,Winter,6,9,0,0
Chennai,Pune,264,800,Delhivery,Winter,7,6,1,4
Kolkata,Hyderabad,1717,800,BlueDart,Monsoon,6,6,1,4
Mumbai,Bangalore,4797,800,DTDC,Summer,3,2,0,0
Chennai,Mumbai,843,800,BlueDart,Winter,10,7,0,0
Pune,Delhi,2774,800,DHL,Winter,10,2,1,3
Lucknow,Mumbai,2481,800,BlueDart,Summer,10,7,1,4
Ahmedabad,Bangalore,3752,800,DTDC,Autumn,9,8,0,0
Jaipur,Hyderabad,2045,800,DHL,Autumn,8,1,0,0
Kolkata,Jaipur,1977,800,DHL,Summer,8,9,0,0
Lucknow,Bangalore,109,800,Delhivery,Winter,8,8,1,4
Chennai,Lucknow,1862,800,DHL,Summer,9,9,1,4
Pune,Kolkata,3193,800,DHL,Winter,1,5,0,0
Jaipur,Ahmedabad,2365,800,BlueDart,Winter,8,4,1,3
Ahmedabad,Jaipur,121,800,DHL,Autumn,2,1,0,0
Ahmedabad,Bangalore,3168,800,FedEx,Autumn,4,9,1,3
Kolkata,Delhi,192,1500,Delhivery,Winter,1,4,1,2
Chennai,Delhi,3862,800,Delhivery,Winter,6,4,1,3
Lucknow,Kolkata,174,800,DHL,Winter,10,4,0,0
Mumbai,Delhi,2147,800,BlueDart,Autumn,1,2,0,0
Lucknow,Delhi,2033,800,Delhivery,Winter,5,4,0,0
Lucknow,Jaipur,464,800,Delhivery,Summer,9,2,0,0
Ahmedabad,Pune,2295,800,FedEx,Monsoon,1,8,1,3
Mumbai,Ahmedabad,4832,800,DHL,Monsoon,9,7,1,5
Mumbai,Lucknow,551,800,Delhivery,Winter,4,10,0,0
Kolkata,Pune,2675,800,Delhivery,Summer,3,2,0,0
Jaipur,Kolkata,2459,800,Delhivery,Winter,8,2,1,3
Hyderabad,Lucknow,4947,800,Delhivery,Summer,6,2,1,3
Bangalore,Ahmedabad,3943,800,BlueDart,Autumn,7,1,0,0
Bangalore,Ahmedabad,2896,800,DTDC,Autumn,9,6,1,4
Ahmedabad,Chennai,4624,800,FedEx,Winter,5,6,0,0
Hyderabad,Mumbai,4302,800,BlueDart,Autumn,2,1,0,0
Jaipur,Kolkata,3914,800,FedEx,Winter,3,1,1,2
Hyderabad,Lucknow,1698,800,Delhivery,Monsoon,3,6,0,0
Kolkata,Jaipur,1647,800,FedEx,Summer,4,6,1,3
Lucknow,Pune,4738,800,DHL,Summer,10,4,1,4
Ahmedabad,Kolkata,4680,800,DHL,Monsoon,7,3,0,0
Mumbai,Lucknow,4092,800,DTDC,Monsoon,10,9,1,6
Ahmedabad,Bangalore,1900,800,DTDC,Monsoon,6,6,0,0
Bangalore,Chennai,3215,350,FedEx,Monsoon,3,1,1,2
Jaipur,Mumbai,487,800,BlueDart,Autumn,7,3,1,3
Hyderabad,Lucknow,2376,800,BlueDart,Summer,4,1,1,2
Jaipur,Hyderabad,2536,800,Delhivery,Summer,10,3,0,0
Kolkata,Delhi,376,1500,BlueDart,Monsoon,8,2,1,4
Ahmedabad,Jaipur,1846,800,DTDC,Winter,7,5,1,3
Chennai,Lucknow,1725,800,BlueDart,Winter,7,3,0,0
Ahmedabad,Lucknow,22,800,Delhivery,Winter,9,7,0,0
Mumbai,Bangalore,545,800,DHL,Winter,8,8,1,4
Ahmedabad,Delhi,3249,800,BlueDart,Autumn,1,7,0,0
Pune,Ahmedabad,2327,800,BlueDart,Summer,7,2,0,0
Kolkata,Chennai,4052,1660,DTDC,Summer,3,10,1,4
Delhi,Mumbai,385,800,FedEx,Summer,4,10,1,3
Kolkata,Jaipur,1734,800,DHL,Winter,6,7,0,0
Hyderabad,Delhi,266,800,FedEx,Monsoon,5,10,1,4
Delhi,Chennai,2274,800,Delhivery,Winter,8,3,0,0
Hyderabad,Kolkata,459,800,Delhivery,Summer,2,7,1,3
Hyderabad,Bangalore,903,800,FedEx,Winter,5,1,0,0
Mumbai,Pune,3222,800,DTDC,Monsoon,5,2,0,0
Mumbai,Pune,1194,800,DTDC,Monsoon,3,10,1,4
Lucknow,Delhi,3233,800,DTDC,Winter,10,1,1,3
Bangalore,Pune,1318,800,DHL,Summer,5,9,0,0
Lucknow,Hyderabad,4715,800,Delhivery,Autumn,4,2,0,0
Lucknow,Jaipur,926,800,Delhivery,Summer,5,2,1,3
Bangalore,Lucknow,157,800,Delhivery,Autumn,10,6,0,0
Chennai,Delhi,4761,800,DHL,Summer,9,7,0,0
Delhi,Pune,2124,800,Delhivery,Winter,7,2,0,0
Jaipur,Kolkata,4026,800,FedEx,Autumn,1,4,0,0
Lucknow,Hyderabad,3950,800,BlueDart,Summer,3,3,0,0
Ahmedabad,Mumbai,4081,800,DHL,Winter,9,5,0,0
Ahmedabad,Pune,2805,800,BlueDart,Summer,4,9,1,3
Hyderabad,Ahmedabad,452,800,FedEx,Monsoon,4,2,0,0
Bangalore,Kolkata,2954,1900,DTDC,Monsoon,10,5,1,6
Hyderabad,Mumbai,3946,800,DTDC,Summer,6,8,1,4
Pune,Lucknow,408,800,DTDC,Winter,3,6,0,0
Pune,Chennai,1161,800,DHL,Summer,3,4,1,2
Jaipur,Delhi,3802,800,DTDC,Winter,9,10,0,0
Mumbai,Jaipur,3005,800,DHL,Autumn,5,8,0,0
Mumbai,Bangalore,2226,800,DHL,Monsoon,7,3,1,4
Bangalore,Hyderabad,1717,800,BlueDart,Autumn,5,4,1,2
Bangalore,Ahmedabad,3341,800,DTDC,Winter,6,9,1,4
Lucknow,Pune,1997,800,Delhivery,Summer,8,5,0,0
Pune,Mumbai,4612,800,DTDC,Monsoon,8,6,0,0
Lucknow,Mumbai,2578,800,DTDC,Winter,2,2,1,2
Mumbai,Kolkata,170,800,DTDC,Winter,9,9,0,0
Delhi,Hyderabad,4445,800,Delhivery,Monsoon,10,8,1,5
Delhi,Lucknow,3914,800,Delhivery,Summer,6,7,1,3
Bangalore,Pune,3583,800,DHL,Monsoon,7,9,1,5
Hyderabad,Pune,3187,800,Delhivery,Summer,3,5,0,0
Mumbai,Jaipur,1835,800,DHL,Summer,4,5,0,0
Delhi,Hyderabad,3934,800,BlueDart,Winter,6,9,0,0
Mumbai,Hyderabad,1633,800,DHL,Summer,7,5,0,0
Kolkata,Mumbai,1186,800,DTDC,Summer,6,9,0,0
Ahmedabad,Lucknow,4928,800,FedEx,Monsoon,5,1,1,3
Pune,Hyderabad,3730,800,FedEx,Monsoon,2,10,0,0
Lucknow,Jaipur,4890,800,DTDC,Summer,7,10,1,4
Mumbai,Chennai,3230,800,DHL,Winter,5,8,0,0
Ahmedabad,Kolkata,3269,800,DTDC,Monsoon,9,3,1,5
Kolkata,Delhi,140,1500,Delhivery,Autumn,4,8,1,4
Lucknow,Kolkata,3572,800,DHL,Winter,10,5,1,4
Mumbai,Jaipur,1509,800,DTDC,Monsoon,2,2,0,0
Bangalore,Delhi,2798,800,Delhivery,Monsoon,7,9,1,5
Ahmedabad,Jaipur,4886,800,Delhivery,Autumn,7,4,0,0
Lucknow,Chennai,3718,800,DHL,Summer,1,7,0,0
Mumbai,Delhi,1717,800,BlueDart,Monsoon,5,8,0,0
Ahmedabad,Kolkata,1779,800,BlueDart,Autumn,3,7,0,0
Kolkata,Mumbai,1328,800,Delhivery,Autumn,9,6,0,0
Mumbai,Pune,3389,800,BlueDart,Monsoon,9,7,1,5
Mumbai,Jaipur,2783,800,Delhivery,Winter,7,4,1,3
Mumbai,Chennai,3000,800,BlueDart,Monsoon,9,10,0,0
Jaipur,Bangalore,3054,800,Delhivery,Autumn,2,1,0,0
Bangalore,Pune,385,800,Delhivery,Monsoon,10,5,0,0
Kolkata,Chennai,3046,1660,Delhivery,Winter,8,8,1,5
Lucknow,Bangalore,670,800,Delhivery,Summer,10,10,0,0
Jaipur,Pune,1413,800,FedEx,Summer,10,6,1,4
Hyderabad,Bangalore,750,800,BlueDart,Monsoon,10,5,1,5
Jaipur,Ahmedabad,313,800,Delhivery,Monsoon,1,2,0,0
Pune,Delhi,1095,800,DTDC,Autumn,3,10,0,0
Pune,Mumbai,4891,800,DHL,Winter,8,5,0,0
Mumbai,Ahmedabad,3189,800,DTDC,Autumn,8,10,1,4
Jaipur,Pune,1220,800,DTDC,Autumn,10,3,0,0
Hyderabad,Mumbai,3044,800,FedEx,Summer,8,2,0,0
Jaipur,Lucknow,238,800,BlueDart,Autumn,7,3,0,0
Bangalore,Chennai,3129,350,FedEx,Autumn,2,4,0,0
Bangalore,Chennai,1864,350,BlueDart,Summer,3,2,0,0
Hyderabad,Chennai,277,800,Delhivery,Summer,9,4,0,0
Jaipur,Mumbai,2784,800,FedEx,Winter,2,4,0,0
Ahmedabad,Lucknow,2859,800,DHL,Winter,7,6,0,0
Bangalore,Chennai,4359,350,BlueDart,Winter,1,5,0,0
Bangalore,Kolkata,4975,1900,FedEx,Monsoon,3,7,0,0
Delhi,Mumbai,2144,800,DHL,Summer,1,7,0,0
Jaipur,Chennai,3469,800,DTDC,Monsoon,6,3,1,4
Bangalore,Mumbai,2279,800,Delhivery,Monsoon,4,9,0,0
Kolkata,Hyderabad,999,800,Delhivery,Winter,1,7,0,0
Jaipur,Kolkata,4502,800,DTDC,Summer,5,7,0,0
Pune,Ahmedabad,947,800,FedEx,Monsoon,4,2,0,0
Delhi,Jaipur,449,800,DTDC,Autumn,10,10,1,5
Bangalore,Kolkata,2368,1900,DHL,Autumn,10,3,1,4
Delhi,Pune,2017,800,BlueDart,Summer,2,3,0,0
Pune,Chennai,3355,800,FedEx,Monsoon,7,6,1,4
Hyderabad,Bangalore,4140,800,BlueDart,Winter,8,4,0,0
Hyderabad,Ahmedabad,4826,800,DTDC,Monsoon,4,4,1,4
Jaipur,Chennai,3753,800,Delhivery,Autumn,9,1,1,3
Pune,Bangalore,528,800,BlueDart,Autumn,3,6,1,2
Chennai,Lucknow,278,800,BlueDart,Winter,6,8,0,0
Chennai,Hyderabad,4743,800,Delhivery,Summer,7,8,1,4
Jaipur,Ahmedabad,4195,800,BlueDart,Monsoon,7,8,1,4
Mumbai,Ahmedabad,1398,800,BlueDart,Autumn,6,5,1,3
Delhi,Hyderabad,1704,800,Delhivery,Monsoon,9,10,1,6
Delhi,Pune,3283,800,Delhivery,Winter,1,6,1,2
Hyderabad,Ahmedabad,1399,800,DTDC,Winter,9,5,0,0
Chennai,Delhi,3875,800,DTDC,Summer,9,4,1,4
Lucknow,Bangalore,3039,800,BlueDart,Winter,4,4,0,0
Bangalore,Delhi,2345,800,FedEx,Summer,5,4,1,2
Bangalore,Chennai,3684,350,DTDC,Monsoon,3,4,1,3
Bangalore,Mumbai,4586,800,DTDC,Autumn,7,6,1,4
Hyderabad,Jaipur,510,800,FedEx,Autumn,2,6,0,0
Pune,Hyderabad,1671,800,FedEx,Summer,8,5,0,0
Ahmedabad,Delhi,2109,800,Delhivery,Autumn,9,9,0,0
Chennai,Jaipur,112,800,DTDC,Summer,6,8,1,4
Chennai,Ahmedabad,2756,800,DHL,Summer,9,10,0,0
Lucknow,Ahmedabad,3286,800,DHL,Monsoon,6,6,0,0
Delhi,Mumbai,3095,800,BlueDart,Monsoon,3,9,0,0
Mumbai,Pune,3547,800,DTDC,Winter,10,5,1,4
Jaipur,Bangalore,1337,800,DHL,Summer,3,10,1,3
Delhi,Jaipur,2484,800,DTDC,Monsoon,2,4,0,0
Pune,Hyderabad,1689,800,DTDC,Summer,5,6,0,0
Jaipur,Chennai,3756,800,DHL,Summer,4,4,0,0
Chennai,Jaipur,2572,800,DTDC,Summer,6,8,0,0
Pune,Lucknow,4173,800,FedEx,Monsoon,5,7,1,4
Jaipur,Delhi,3327,800,BlueDart,Summer,6,5,0,0
Lucknow,Hyderabad,2446,800,Delhivery,Summer,4,10,0,0
Lucknow,Kolkata,317,800,DHL,Winter,3,6,0,0
Kolkata,Hyderabad,4006,800,Delhivery,Summer,1,7,0,0
Ahmedabad,Bangalore,1099,800,BlueDart,Winter,5,2,0,0
Lucknow,Pune,4565,800,FedEx,Summer,6,9,1,3
Chennai,Jaipur,2404,800,FedEx,Winter,5,7,0,0
Mumbai,Hyderabad,4014,800,FedEx,Monsoon,5,8,1,4
Bangalore,Jaipur,676,800,FedEx,Monsoon,6,5,1,4
Kolkata,Jaipur,4173,800,DHL,Autumn,4,3,0,0
Bangalore,Chennai,2244,350,DHL,Summer,4,2,0,0
Ahmedabad,Delhi,1246,800,DTDC,Autumn,8,2,1,3
Jaipur,Lucknow,1633,800,DTDC,Autumn,8,3,0,0
Hyderabad,Delhi,1384,800,BlueDart,Winter,3,1,0,0
Lucknow,Jaipur,3321,800,DTDC,Monsoon,7,1,1,4
Mumbai,Kolkata,186,800,BlueDart,Summer,5,7,1,3
Ahmedabad,Delhi,1363,800,BlueDart,Summer,5,10,1,3
Bangalore,Mumbai,2938,800,BlueDart,Winter,3,8,1,3
Kolkata,Chennai,635,1660,FedEx,Autumn,2,6,0,0
Lucknow,Jaipur,2664,800,Delhivery,Winter,3,7,1,3
Chennai,Lucknow,3618,800,Delhivery,Autumn,7,1,0,0
Lucknow,Chennai,3725,800,DHL,Summer,3,1,0,0
Kolkata,Lucknow,4284,800,BlueDart,Winter,2,9,0,0
Kolkata,Ahmedabad,404,800,FedEx,Autumn,4,5,1,2
Hyderabad,Mumbai,1178,800,DTDC,Winter,5,7,1,3
Lucknow,Hyderabad,4981,800,DTDC,Monsoon,7,6,0,0
Lucknow,Jaipur,207,800,DHL,Winter,1,4,0,0
Hyderabad,Delhi,978,800,DHL,Summer,8,1,1,3
Pune,Hyderabad,3918,800,BlueDart,Winter,10,4,1,4
Pune,Delhi,3165,800,BlueDart,Summer,3,10,0,0
Jaipur,Chennai,4774,800,DTDC,Summer,6,10,1,4
Pune,Jaipur,2514,800,DTDC,Winter,4,8,1,3
Delhi,Pune,1286,800,DTDC,Winter,5,1,1,2
Lucknow,Jaipur,4177,800,DTDC,Winter,10,2,0,0
Mumbai,Pune,4328,800,Delhivery,Monsoon,6,8,0,0
Lucknow,Mumbai,1279,800,BlueDart,Monsoon,2,2,0,0
Delhi,Bangalore,1374,800,BlueDart,Autumn,3,10,1,3
Delhi,Ahmedabad,933,800,DTDC,Winter,8,9,1,4
Bangalore,Pune,480,800,FedEx,Autumn,8,3,1,3
Lucknow,Bangalore,3026,800,DTDC,Autumn,1,3,0,0
Ahmedabad,Lucknow,2064,800,DHL,Summer,10,6,1,4
Delhi,Pune,4293,800,FedEx,Autumn,8,3,1,3
Mumbai,Ahmedabad,2061,800,DHL,Winter,2,9,0,0
Hyderabad,Ahmedabad,2964,800,FedEx,Monsoon,10,8,1,5
Jaipur,Mumbai,1158,800,DHL,Autumn,10,4,0,0
Bangalore,Hyderabad,3096,800,DTDC,Autumn,8,6,1,4
Hyderabad,Bangalore,969,800,DTDC,Monsoon,10,8,0,0
Bangalore,Pune,639,800,FedEx,Autumn,5,4,0,0
Mumbai,Chennai,784,800,DHL,Winter,1,5,0,0
Kolkata,Hyderabad,369,800,Delhivery,Autumn,8,7,1,4
Lucknow,Ahmedabad,527,800,FedEx,Summer,5,8,0,0
Chennai,Bangalore,1353,350,FedEx,Autumn,1,7,0,0
Ahmedabad,Delhi,1979,800,BlueDart,Summer,4,8,0,0
Hyderabad,Ahmedabad,3237,800,FedEx,Monsoon,1,4,0,0
Lucknow,Pune,2909,800,Delhivery,Monsoon,9,1,1,4
Ahmedabad,Chennai,944,800,DTDC,Autumn,10,6,1,4
Kolkata,Lucknow,1996,800,DHL,Autumn,2,5,0,0
Chennai,Jaipur,386,800,BlueDart,Monsoon,8,4,0,0
Ahmedabad,Pune,3570,800,DHL,Summer,4,2,0,0
Ahmedabad,Pune,1784,800,DTDC,Monsoon,9,1,1,4
Hyderabad,Bangalore,1515,800,FedEx,Monsoon,2,9,0,0
Pune,Hyderabad,2664,800,Delhivery,Summer,3,2,0,0
Chennai,Hyderabad,1020,800,BlueDart,Monsoon,2,9,1,4
Lucknow,Mumbai,3487,800,Delhivery,Autumn,10,6,0,0
Kolkata,Bangalore,1240,1900,Delhivery,Autumn,5,6,0,0
Chennai,Mumbai,1187,800,Delhivery,Monsoon,1,2,1,3
Mumbai,Kolkata,3867,800,Delhivery,Autumn,3,6,0,0
Pune,Bangalore,2105,800,DTDC,Winter,1,3,0,0
Mumbai,Kolkata,1682,800,Delhivery,Monsoon,10,7,1,5
Kolkata,Lucknow,1938,800,Delhivery,Winter,8,10,1,4
Hyderabad,Bangalore,3849,800,DTDC,Monsoon,4,4,1,4
Hyderabad,Ahmedabad,3188,800,DHL,Monsoon,3,9,0,0
Kolkata,Ahmedabad,4278,800,DTDC,Winter,8,5,0,0
Bangalore,Pune,2563,800,FedEx,Monsoon,9,10,1,5
Kolkata,Lucknow,2455,800,DTDC,Autumn,8,3,0,0
Pune,Ahmedabad,4399,800,DHL,Winter,6,1,0,0
Delhi,Mumbai,561,800,FedEx,Monsoon,3,1,0,0
Hyderabad,Jaipur,2907,800,FedEx,Autumn,8,4,1,3
Jaipur,Kolkata,1049,800,BlueDart,Winter,5,10,1,3
Pune,Lucknow,894,800,Delhivery,Winter,5,10,1,4
Pune,Kolkata,3061,800,FedEx,Autumn,9,4,0,0
Pune,Kolkata,4239,800,FedEx,Monsoon,1,9,0,0
Ahmedabad,Delhi,4876,800,DHL,Monsoon,7,8,0,0
Pune,Bangalore,3607,800,FedEx,Winter,8,4,0,0
Hyderabad,Lucknow,2565,800,DHL,Summer,10,6,0,0
Delhi,Pune,1099,800,Delhivery,Monsoon,3,7,1,4
Delhi,Mumbai,4585,800,BlueDart,Monsoon,8,10,0,0
Pune,Bangalore,4968,800,BlueDart,Autumn,1,8,0,0
Mumbai,Bangalore,468,800,Delhivery,Summer,8,4,0,0
Hyderabad,Mumbai,4731,800,Delhivery,Summer,7,1,0,0
Hyderabad,Lucknow,4264,800,DTDC,Winter,4,5,1,3
Chennai,Jaipur,2017,800,FedEx,Autumn,7,1,1,2
Lucknow,Kolkata,1930,800,FedEx,Autumn,10,4,1,4
Bangalore,Delhi,4537,800,FedEx,Monsoon,7,7,1,4
Bangalore,Mumbai,1013,800,DHL,Winter,10,7,0,0
Mumbai,Pune,3093,800,DTDC,Monsoon,1,1,1,3
Bangalore,Delhi,2124,800,FedEx,Summer,3,9,1,3
Chennai,Mumbai,2599,800,DHL,Autumn,7,2,0,0
Kolkata,Delhi,2153,1500,DHL,Winter,5,5,0,0
Bangalore,Pune,4320,800,BlueDart,Monsoon,9,6,0,0
Hyderabad,Pune,2251,800,DHL,Monsoon,7,1,1,4
Kolkata,Ahmedabad,4990,800,Delhivery,Summer,3,2,0,0
Bangalore,Hyderabad,2096,800,DHL,Autumn,1,7,1,2
Hyderabad,Bangalore,948,800,Delhivery,Summer,5,6,0,0
Hyderabad,Bangalore,4311,800,Delhivery,Monsoon,10,6,1,5
Pune,Lucknow,3980,800,BlueDart,Autumn,5,6,0,0
Delhi,Kolkata,4009,1500,BlueDart,Autumn,7,7,1,4
Mumbai,Lucknow,4660,800,DHL,Summer,1,10,0,0
Chennai,Kolkata,3418,1660,BlueDart,Autumn,10,9,0,0
Ahmedabad,Delhi,780,800,BlueDart,Summer,2,9,1,3
Lucknow,Chennai,258,800,FedEx,Autumn,6,2,1,2
Bangalore,Ahmedabad,382,800,DHL,Autumn,8,2,0,0
Bangalore,Ahmedabad,2936,800,DHL,Winter,4,5,0,0
Kolkata,Hyderabad,3867,800,DHL,Autumn,3,10,0,0
Kolkata,Mumbai,4940,800,BlueDart,Monsoon,3,7,0,0
Lucknow,Bangalore,711,800,BlueDart,Winter,3,3,0,0
Bangalore,Hyderabad,2195,800,Delhivery,Summer,2,3,1,2
Jaipur,Hyderabad,951,800,DTDC,Monsoon,1,4,0,0
Chennai,Mumbai,3924,800,DTDC,Summer,5,3,0,0
Bangalore,Lucknow,803,800,DTDC,Summer,10,3,1,4
Delhi,Chennai,687,800,FedEx,Monsoon,5,8,0,0
Lucknow,Bangalore,1571,800,BlueDart,Summer,5,7,1,3
Jaipur,Delhi,4063,800,Delhivery,Winter,4,7,0,0
Chennai,Jaipur,462,800,Delhivery,Monsoon,3,10,1,4
Bangalore,Chennai,2476,350,DTDC,Summer,3,2,1,2
Ahmedabad,Hyderabad,3666,800,FedEx,Summer,2,9,1,3
Pune,Delhi,4156,800,FedEx,Autumn,5,6,1,3
Delhi,Pune,3764,800,DTDC,Autumn,4,3,0,0
Ahmedabad,Chennai,219,800,DTDC,Summer,6,9,0,0
Kolkata,Lucknow,4993,800,BlueDart,Monsoon,2,9,0,0
Kolkata,Lucknow,1936,800,FedEx,Winter,2,6,0,0
Bangalore,Pune,4955,800,Delhivery,Summer,8,10,1,4
Kolkata,Jaipur,3976,800,DTDC,Summer,6,6,0,0
Delhi,Chennai,1887,800,BlueDart,Summer,3,8,0,0
Chennai,Hyderabad,636,800,Delhivery,Autumn,5,8,1,3
Hyderabad,Delhi,2736,800,FedEx,Monsoon,3,6,1,3
Mumbai,Pune,1468,800,DTDC,Summer,2,7,0,0
Lucknow,Pune,2834,800,DTDC,Autumn,3,4,1,2
Chennai,Lucknow,1260,800,BlueDart,Summer,1,1,0,0
Hyderabad,Pune,4768,800,BlueDart,Summer,7,4,0,0
Jaipur,Pune,4373,800,FedEx,Monsoon,6,8,0,0
Delhi,Lucknow,2173,800,DTDC,Autumn,5,8,0,0
Ahmedabad,Hyderabad,1633,800,BlueDart,Winter,6,2,0,0
Hyderabad,Delhi,1863,800,DTDC,Monsoon,8,7,1,5
Delhi,Bangalore,763,800,FedEx,Winter,3,1,0,0
Pune,Chennai,1878,800,DTDC,Autumn,3,2,0,0
Ahmedabad,Lucknow,191,800,Delhivery,Autumn,5,8,0,0
Kolkata,Pune,1523,800,DTDC,Winter,5,10,1,4
Kolkata,Delhi,912,1500,DHL,Autumn,1,4,0,0
Ahmedabad,Jaipur,3354,800,DHL,Monsoon,4,3,0,0
Jaipur,Ahmedabad,3463,800,FedEx,Summer,9,2,0,0
Jaipur,Lucknow,3617,800,FedEx,Winter,8,6,1,3
Jaipur,Pune,2566,800,FedEx,Summer,3,4,1,2
Hyderabad,Bangalore,2149,800,Delhivery,Winter,5,3,1,3
Lucknow,Mumbai,4254,800,Delhivery,Summer,5,3,1,3
Hyderabad,Delhi,2174,800,DTDC,Summer,7,10,0,0
Bangalore,Delhi,2622,800,BlueDart,Monsoon,8,3,0,0
Mumbai,Kolkata,2031,800,DHL,Summer,9,8,0,0
Ahmedabad,Hyderabad,2831,800,DHL,Winter,7,9,0,0
Chennai,Kolkata,2291,1660,DHL,Summer,2,9,1,3
Mumbai,Lucknow,1580,800,DTDC,Autumn,8,5,0,0
Pune,Chennai,1982,800,DTDC,Summer,8,1,1,3
Hyderabad,Ahmedabad,3996,800,FedEx,Summer,2,10,1,3
Hyderabad,Ahmedabad,2254,800,BlueDart,Autumn,6,5,1,3
Delhi,Mumbai,2452,800,FedEx,Autumn,10,1,0,0
Mumbai,Jaipur,723,800,DTDC,Winter,1,9,0,0
Delhi,Chennai,3555,800,Delhivery,Autumn,7,10,1,4
Chennai,Ahmedabad,232,800,FedEx,Autumn,10,8,0,0
Delhi,Chennai,873,800,DTDC,Winter,2,7,1,3
Mumbai,Bangalore,4635,800,DTDC,Winter,5,2,1,3
Ahmedabad,Kolkata,1435,800,Delhivery,Summer,7,2,0,0
Pune,Mumbai,2314,800,Delhivery,Monsoon,10,4,1,5
Hyderabad,Lucknow,663,800,Delhivery,Winter,9,9,0,0
Chennai,Pune,1169,800,BlueDart,Autumn,1,9,0,0
Hyderabad,Bangalore,1852,800,DTDC,Summer,9,8,1,4
Bangalore,Kolkata,453,1900,Delhivery,Autumn,5,5,1,4
Pune,Hyderabad,2475,800,BlueDart,Winter,6,7,0,0
Lucknow,Bangalore,4679,800,DHL,Monsoon,8,9,1,5
Delhi,Pune,4446,800,DHL,Summer,2,3,0,0
Kolkata,Ahmedabad,2867,800,DHL,Winter,7,4,0,0
Mumbai,Lucknow,1290,800,DTDC,Winter,4,2,0,0
Hyderabad,Kolkata,3049,800,BlueDart,Autumn,9,9,0,0
Delhi,Kolkata,3805,1500,BlueDart,Monsoon,6,7,0,0
Chennai,Bangalore,3647,350,DHL,Winter,7,6,1,3
Hyderabad,Mumbai,3768,800,FedEx,Autumn,6,5,1,3
Lucknow,Bangalore,109,800,DHL,Summer,8,7,0,0
Pune,Bangalore,2096,800,DTDC,Autumn,6,3,1,3
Pune,Ahmedabad,2320,800,DHL,Summer,7,5,0,0
Hyderabad,Pune,4255,800,DHL,Autumn,8,2,0,0
Chennai,Mumbai,2747,800,BlueDart,Monsoon,1,5,1,3
Pune,Bangalore,1617,800,DHL,Autumn,10,7,1,4
Pune,Jaipur,2963,800,Delhivery,Monsoon,4,10,0,0
Lucknow,Jaipur,3991,800,Delhivery,Monsoon,6,7,0,0
Mumbai,Pune,3204,800,FedEx,Summer,1,9,1,2
Chennai,Pune,4349,800,DTDC,Autumn,4,3,0,0
Chennai,Jaipur,4692,800,DTDC,Autumn,6,8,1,4
Ahmedabad,Hyderabad,3102,800,BlueDart,Autumn,7,5,1,3
Ahmedabad,Bangalore,2972,800,DTDC,Monsoon,6,7,1,4
Pune,Mumbai,2672,800,FedEx,Winter,4,1,1,2
Kolkata,Pune,865,800,Delhivery,Autumn,7,1,0,0
Ahmedabad,Mumbai,2156,800,BlueDart,Autumn,10,4,0,0
Pune,Mumbai,4935,800,Delhivery,Winter,2,5,0,0
Jaipur,Lucknow,1396,800,FedEx,Summer,6,10,1,4
Bangalore,Pune,1726,800,BlueDart,Autumn,5,3,0,0
Bangalore,Kolkata,4161,1900,DHL,Winter,2,6,0,0
Chennai,Ahmedabad,1735,800,DTDC,Autumn,9,3,1,4
Kolkata,Mumbai,1963,800,FedEx,Monsoon,7,5,1,4
Lucknow,Ahmedabad,194,800,BlueDart,Winter,3,1,0,0
Mumbai,Ahmedabad,531,800,Delhivery,Monsoon,7,3,0,0
Ahmedabad,Chennai,2321,800,BlueDart,Winter,6,7,0,0
Jaipur,Ahmedabad,1258,800,DHL,Summer,7,3,0,0
Pune,Bangalore,1668,800,FedEx,Monsoon,4,5,1,3
Kolkata,Mumbai,1012,800,BlueDart,Autumn,10,7,1,4
Chennai,Kolkata,3237,1660,FedEx,Winter,8,2,1,3
Ahmedabad,Bangalore,3148,800,FedEx,Autumn,8,3,1,3
Kolkata,Mumbai,1938,800,Delhivery,Summer,7,4,0,0
Ahmedabad,Delhi,403,800,DTDC,Winter,7,5,0,0
Mumbai,Hyderabad,1627,800,DHL,Summer,10,9,1,4
Mumbai,Jaipur,3651,800,BlueDart,Winter,8,9,0,0
Lucknow,Mumbai,670,800,DTDC,Monsoon,1,4,1,3
Bangalore,Kolkata,4174,1900,Delhivery,Autumn,6,9,1,4
Delhi,Kolkata,329,1500,DTDC,Monsoon,2,4,1,4
Delhi,Hyderabad,2234,800,FedEx,Monsoon,1,2,1,2
Ahmedabad,Pune,593,800,FedEx,Monsoon,10,10,1,5
Lucknow,Pune,3610,800,DHL,Monsoon,7,1,1,4
Delhi,Ahmedabad,591,800,BlueDart,Winter,6,7,1,3
Chennai,Mumbai,3706,800,BlueDart,Autumn,5,4,1,2
Delhi,Pune,1777,800,Delhivery,Winter,5,8,0,0
Hyderabad,Bangalore,1566,800,DHL,Winter,9,8,1,4
Pune,Hyderabad,1808,800,BlueDart,Winter,9,8,0,0
Lucknow,Pune,4216,800,FedEx,Monsoon,6,6,0,0
Chennai,Pune,1008,800,DHL,Summer,3,9,0,0
Kolkata,Ahmedabad,767,800,DTDC,Monsoon,7,4,1,4
Chennai,Lucknow,292,800,DHL,Winter,4,5,0,0
Bangalore,Lucknow,4906,800,DHL,Monsoon,5,4,1,4
Kolkata,Mumbai,140,800,BlueDart,Autumn,7,5,0,0
Jaipur,Mumbai,1303,800,Delhivery,Autumn,7,2,1,3
Pune,Mumbai,70,800,Delhivery,Monsoon,10,5,1,5
Pune,Jaipur,2221,800,BlueDart,Monsoon,8,10,1,5
Pune,Ahmedabad,1558,800,BlueDart,Summer,1,8,0,0
Pune,Bangalore,4377,800,BlueDart,Monsoon,5,9,1,4
Ahmedabad,Delhi,1791,800,Delhivery,Monsoon,9,7,0,0
Pune,Chennai,47,800,BlueDart,Summer,7,7,1,3
Pune,Bangalore,3641,800,DTDC,Monsoon,2,6,0,0
Pune,Ahmedabad,2674,800,DTDC,Monsoon,1,2,1,3
Lucknow,Pune,483,800,FedEx,Monsoon,8,10,0,0
Ahmedabad,Hyderabad,68,800,DTDC,Monsoon,9,10,1,6
Mumbai,Chennai,2646,800,DHL,Monsoon,10,9,1,5
Chennai,Ahmedabad,2624,800,FedEx,Winter,5,5,0,0
Chennai,Delhi,2624,800,DTDC,Monsoon,6,6,0,0
Kolkata,Pune,4488,800,DHL,Summer,2,1,0,0
Lucknow,Ahmedabad,1421,800,DTDC,Monsoon,5,5,1,4
Hyderabad,Chennai,94,800,DHL,Winter,4,6,0,0
Chennai,Jaipur,1543,800,BlueDart,Summer,8,10,1,4
Delhi,Kolkata,3807,1500,DHL,Summer,8,2,1,3
Hyderabad,Pune,2684,800,BlueDart,Monsoon,5,7,1,4
Pune,Chennai,2883,800,DHL,Autumn,8,4,0,0
Pune,Kolkata,3130,800,DHL,Winter,6,5,0,0
Ahmedabad,Pune,1100,800,DTDC,Autumn,10,3,1,4
Hyderabad,Bangalore,2844,800,DHL,Monsoon,6,5,1,4
Delhi,Hyderabad,4234,800,DTDC,Winter,4,4,0,0
Ahmedabad,Bangalore,2086,800,DHL,Autumn,10,10,1,4
Kolkata,Hyderabad,3200,800,Delhivery,Winter,3,6,0,0
Hyderabad,Bangalore,4797,800,FedEx,Monsoon,9,2,0,0
Lucknow,Ahmedabad,4238,800,DTDC,Winter,5,3,0,0
Pune,Mumbai,1218,800,DTDC,Monsoon,10,10,0,0
Pune,Lucknow,3587,800,BlueDart,Autumn,10,1,0,0
Bangalore,Lucknow,4751,800,Delhivery,Winter,4,7,0,0
Ahmedabad,Kolkata,2591,800,BlueDart,Summer,6,9,0,0
Mumbai,Lucknow,3797,800,Delhivery,Monsoon,4,2,0,0
Mumbai,Ahmedabad,525,800,Delhivery,Winter,6,7,0,0
Ahmedabad,Kolkata,2222,800,DHL,Summer,10,3,0,0
Lucknow,Bangalore,2984,800,BlueDart,Summer,8,5,1,3
Jaipur,Pune,942,800,FedEx,Summer,8,6,0,0
Ahmedabad,Chennai,1673,800,Delhivery,Summer,6,8,0,0
Lucknow,Bangalore,566,800,Delhivery,Monsoon,1,4,1,3
Kolkata,Ahmedabad,1681,800,DTDC,Winter,1,2,0,0
Pune,Jaipur,1002,800,DHL,Summer,3,3,0,0
Delhi,Lucknow,1638,800,FedEx,Winter,2,8,0,0
Jaipur,Hyderabad,1701,800,Delhivery,Winter,1,7,0,0
Hyderabad,Kolkata,4862,800,DTDC,Autumn,1,6,1,2
Jaipur,Delhi,1114,800,BlueDart,Winter,6,5,0,0
Delhi,Bangalore,1280,800,Delhivery,Monsoon,7,5,0,0
Bangalore,Lucknow,2912,800,DTDC,Monsoon,8,1,0,0
Pune,Delhi,4754,800,BlueDart,Summer,3,6,0,0
Mumbai,Bangalore,1419,800,DHL,Winter,1,9,1,2
Lucknow,Bangalore,3656,800,BlueDart,Monsoon,5,8,1,4
Ahmedabad,Bangalore,1340,800,Delhivery,Monsoon,8,10,1,5
Ahmedabad,Chennai,4733,800,FedEx,Monsoon,4,1,0,0
Mumbai,Pune,2064,800,BlueDart,Summer,2,6,0,0
Jaipur,Lucknow,963,800,FedEx,Monsoon,9,3,0,0
Pune,Delhi,1852,800,FedEx,Winter,9,6,1,4
Chennai,Kolkata,2812,1660,BlueDart,Monsoon,3,9,1,4
Lucknow,Jaipur,19,800,DHL,Monsoon,7,6,0,0
Kolkata,Delhi,2619,1500,BlueDart,Summer,1,8,0,0
Delhi,Mumbai,131,800,DTDC,Winter,8,6,0,0
Jaipur,Pune,4792,800,FedEx,Monsoon,8,6,0,0
Hyderabad,Lucknow,2570,800,Delhivery,Winter,3,7,0,0
Bangalore,Pune,3047,800,FedEx,Winter,5,10,1,3
Ahmedabad,Jaipur,450,800,Delhivery,Monsoon,4,4,1,4
Jaipur,Chennai,2759,800,DTDC,Summer,7,8,1,4
Bangalore,Kolkata,600,1900,DTDC,Winter,7,4,1,4
Delhi,Bangalore,1378,800,DTDC,Autumn,8,7,0,0
Ahmedabad,Jaipur,1999,800,BlueDart,Monsoon,5,1,0,0
Ahmedabad,Delhi,1371,800,FedEx,Winter,5,9,0,0
Chennai,Lucknow,3783,800,Delhivery,Winter,8,10,0,0
Jaipur,Chennai,2074,800,DTDC,Winter,5,9,1,4
Pune,Mumbai,2425,800,DTDC,Monsoon,1,7,0,0
Mumbai,Kolkata,2961,800,Delhivery,Autumn,3,8,0,0
Mumbai,Chennai,2778,800,FedEx,Winter,2,2,0,0
Kolkata,Ahmedabad,3426,800,FedEx,Winter,10,10,1,4
Hyderabad,Pune,1586,800,Delhivery,Summer,5,10,1,4
Bangalore,Jaipur,124,800,DHL,Monsoon,8,7,1,5
Jaipur,Delhi,1378,800,FedEx,Monsoon,9,1,1,4
Lucknow,Hyderabad,148,800,Delhivery,Winter,9,3,1,4
Hyderabad,Ahmedabad,4933,800,Delhivery,Summer,1,6,1,2
Chennai,Hyderabad,4951,800,DTDC,Winter,1,5,0,0
Ahmedabad,Pune,3383,800,Delhivery,Winter,1,5,1,2
Pune,Bangalore,1325,800,BlueDart,Monsoon,1,9,0,0
Jaipur,Chennai,83,800,DTDC,Summer,9,6,0,0
Hyderabad,Lucknow,3856,800,DTDC,Winter,1,3,0,0
Hyderabad,Chennai,493,800,FedEx,Monsoon,7,2,1,4
Pune,Bangalore,4121,800,DHL,Winter,6,9,1,3
Kolkata,Delhi,1559,1500,FedEx,Winter,9,10,0,0
Bangalore,Hyderabad,1369,800,BlueDart,Summer,9,4,0,0
Bangalore,Kolkata,1906,1900,DTDC,Summer,4,5,0,0
Hyderabad,Jaipur,4234,800,DTDC,Summer,9,9,1,4
Delhi,Pune,520,800,Delhivery,Winter,6,5,0,0
Hyderabad,Ahmedabad,432,800,DHL,Autumn,5,7,0,0
Hyderabad,Delhi,2442,800,DHL,Summer,9,2,0,0
Pune,Bangalore,1916,800,Delhivery,Autumn,7,2,0,0
Ahmedabad,Lucknow,4337,800,BlueDart,Autumn,9,4,0,0
Pune,Lucknow,968,800,DHL,Autumn,5,8,0,0
Jaipur,Kolkata,834,800,DTDC,Monsoon,4,2,0,0
Hyderabad,Bangalore,74,800,BlueDart,Winter,10,10,1,4
Bangalore,Delhi,4938,800,FedEx,Summer,3,7,0,0
Lucknow,Pune,4720,800,FedEx,Winter,5,1,1,2
Bangalore,Ahmedabad,3358,800,BlueDart,Winter,9,9,1,4
Mumbai,Pune,810,800,DTDC,Monsoon,3,10,0,0
Kolkata,Mumbai,287,800,FedEx,Monsoon,1,6,0,0
Chennai,Mumbai,1727,800,DTDC,Monsoon,2,1,0,0
Jaipur,Delhi,2423,800,Delhivery,Winter,10,10,1,5
Jaipur,Bangalore,1248,800,DHL,Autumn,5,6,0,0
Kolkata,Mumbai,4533,800,BlueDart,Winter,3,5,0,0
Lucknow,Kolkata,1496,800,DHL,Monsoon,6,5,0,0
Chennai,Bangalore,4691,350,Delhivery,Winter,8,5,0,0
Ahmedabad,Mumbai,3308,800,FedEx,Monsoon,6,4,0,0
Hyderabad,Jaipur,4480,800,DTDC,Monsoon,10,7,0,0
Chennai,Ahmedabad,3005,800,DTDC,Summer,9,9,1,4
Lucknow,Jaipur,102,800,Delhivery,Autumn,6,4,1,3
Delhi,Chennai,3541,800,BlueDart,Monsoon,5,2,1,3
Mumbai,Lucknow,1850,800,DHL,Summer,4,2,0,0
Chennai,Lucknow,3537,800,FedEx,Autumn,2,2,0,0
Chennai,Mumbai,1631,800,BlueDart,Monsoon,6,7,1,4
Mumbai,Chennai,1571,800,Delhivery,Autumn,2,4,1,2
Hyderabad,Ahmedabad,1426,800,Delhivery,Autumn,5,4,1,3
Chennai,Jaipur,2974,800,DTDC,Winter,1,1,1,2
Mumbai,Kolkata,4200,800,FedEx,Summer,3,4,0,0
Mumbai,Hyderabad,1140,800,BlueDart,Autumn,10,6,0,0
Mumbai,Lucknow,1423,800,DTDC,Winter,5,2,1,3
Pune,Hyderabad,3607,800,FedEx,Autumn,7,4,1,3
Lucknow,Ahmedabad,3754,800,DHL,Winter,8,7,1,4
Pune,Ahmedabad,2128,800,DHL,Monsoon,7,9,0,0
Delhi,Kolkata,673,1500,DTDC,Monsoon,7,2,1,4
Ahmedabad,Chennai,2644,800,BlueDart,Winter,2,8,0,0
Pune,Chennai,2784,800,FedEx,Monsoon,6,6,0,0
Pune,Kolkata,3979,800,DHL,Monsoon,5,8,0,0
Lucknow,Kolkata,3500,800,DHL,Monsoon,9,2,1,4
Ahmedabad,Jaipur,1581,800,BlueDart,Autumn,10,1,0,0
Kolkata,Lucknow,1533,800,DTDC,Winter,4,7,0,0
Mumbai,Bangalore,997,800,Delhivery,Summer,7,9,1,4
Jaipur,Ahmedabad,3248,800,FedEx,Summer,8,9,1,4
Ahmedabad,Mumbai,3855,800,DHL,Winter,6,2,0,0
Delhi,Mumbai,3703,800,Delhivery,Autumn,3,4,1,2
Hyderabad,Chennai,108,800,BlueDart,Monsoon,5,1,0,0
Delhi,Pune,2298,800,DTDC,Monsoon,1,7,0,0
Mumbai,Bangalore,1524,800,FedEx,Autumn,8,2,1,3
Ahmedabad,Delhi,4307,800,BlueDart,Summer,2,4,1,2
Delhi,Mumbai,643,800,DTDC,Winter,10,2,0,0
Delhi,Bangalore,4851,800,BlueDart,Winter,7,1,1,2
Kolkata,Pune,4595,800,DHL,Autumn,9,7,1,4
Kolkata,Lucknow,588,800,DHL,Monsoon,1,6,1,3
Ahmedabad,Hyderabad,3969,800,Delhivery,Monsoon,4,2,0,0
Mumbai,Bangalore,282,800,BlueDart,Monsoon,7,4,0,0
Pune,Lucknow,4891,800,DHL,Winter,9,3,0,0
Bangalore,Pune,3964,800,DTDC,Summer,2,3,0,0
Chennai,Mumbai,3937,800,Delhivery,Winter,2,3,0,0
Jaipur,Lucknow,462,800,FedEx,Autumn,6,4,1,3
Chennai,Delhi,1185,800,BlueDart,Winter,3,1,0,0
Lucknow,Chennai,4921,800,DHL,Autumn,4,1,1,2
Kolkata,Lucknow,423,800,DTDC,Winter,3,7,0,0
Ahmedabad,Chennai,1560,800,BlueDart,Summer,1,5,0,0
Chennai,Bangalore,4536,350,DTDC,Autumn,6,3,1,3
Mumbai,Delhi,1956,800,Delhivery,Monsoon,2,9,0,0
Jaipur,Ahmedabad,201,800,DHL,Monsoon,2,5,1,3
Chennai,Ahmedabad,50,800,DHL,Winter,7,10,1,4
Jaipur,Chennai,1869,800,Delhivery,Winter,5,3,0,0
Hyderabad,Ahmedabad,1342,800,DTDC,Summer,8,9,1,4
Mumbai,Ahmedabad,3459,800,BlueDart,Summer,2,1,1,1
Bangalore,Kolkata,145,1900,DTDC,Monsoon,10,9,1,6
Delhi,Ahmedabad,4211,800,BlueDart,Winter,8,5,1,3
Jaipur,Pune,4624,800,Delhivery,Autumn,7,6,0,0
Mumbai,Chennai,1951,800,FedEx,Summer,10,2,1,3
Jaipur,Chennai,1575,800,BlueDart,Autumn,8,8,1,4
Jaipur,Mumbai,4231,800,DHL,Autumn,3,3,0,0
Pune,Chennai,398,800,DHL,Summer,8,1,1,3
Pune,Lucknow,1568,800,DHL,Winter,6,7,0,0
Mumbai,Jaipur,2131,800,DTDC,Autumn,2,3,0,0
Pune,Chennai,1038,800,DTDC,Winter,6,4,1,3
Lucknow,Ahmedabad,3544,800,DTDC,Autumn,5,5,1,3
Bangalore,Chennai,91,350,DHL,Winter,3,1,0,0
Ahmedabad,Lucknow,785,800,BlueDart,Winter,1,9,0,0
Mumbai,Kolkata,3048,800,DHL,Winter,7,7,1,3
Mumbai,Bangalore,4383,800,BlueDart,Winter,2,2,0,0
Lucknow,Kolkata,2897,800,DTDC,Summer,1,1,0,0
Kolkata,Delhi,1888,1500,FedEx,Autumn,1,2,0,0
Kolkata,Ahmedabad,2281,800,DTDC,Winter,7,3,1,3
Pune,Mumbai,1617,800,Delhivery,Monsoon,1,3,0,0
Ahmedabad,Hyderabad,3149,800,BlueDart,Autumn,9,8,1,4
Pune,Chennai,615,800,FedEx,Autumn,6,5,1,3
Hyderabad,Bangalore,4745,800,DTDC,Winter,4,9,0,0
Hyderabad,Delhi,3424,800,FedEx,Autumn,4,3,0,0
Delhi,Pune,3675,800,DHL,Monsoon,5,6,1,4
Hyderabad,Lucknow,2154,800,BlueDart,Monsoon,2,4,1,3
Kolkata,Bangalore,4280,1900,Delhivery,Monsoon,5,8,1,5
Bangalore,Ahmedabad,3775,800,DHL,Autumn,2,1,0,0
Hyderabad,Lucknow,1386,800,FedEx,Autumn,4,4,1,2
Pune,Delhi,3472,800,DTDC,Winter,10,7,1,4
Jaipur,Ahmedabad,357,800,BlueDart,Autumn,5,9,1,3
Mumbai,Hyderabad,10,800,Delhivery,Autumn,6,1,0,0
Bangalore,Hyderabad,72,800,DTDC,Winter,6,8,1,4
Bangalore,Pune,1793,800,Delhivery,Monsoon,9,2,1,4
Pune,Lucknow,3824,800,BlueDart,Winter,4,4,1,2
Mumbai,Kolkata,235,800,FedEx,Summer,5,4,0,0
Kolkata,Lucknow,1052,800,Delhivery,Autumn,6,8,0,0
Bangalore,Lucknow,854,800,BlueDart,Autumn,4,2,1,2
Delhi,Kolkata,2690,1500,Delhivery,Summer,6,7,1,4
Pune,Bangalore,4129,800,DTDC,Summer,2,3,0,0
Bangalore,Delhi,1244,800,Delhivery,Summer,7,9,1,4
Ahmedabad,Lucknow,1994,800,DTDC,Winter,3,5,1,3
Mumbai,Bangalore,4266,800,DTDC,Monsoon,10,8,1,5
Hyderabad,Ahmedabad,1288,800,BlueDart,Winter,4,5,1,2
Bangalore,Hyderabad,1604,800,DHL,Summer,9,1,1,3
Pune,Kolkata,2561,800,Delhivery,Winter,5,9,0,0
Hyderabad,Chennai,1962,800,FedEx,Autumn,9,10,1,4
Delhi,Ahmedabad,1705,800,DTDC,Winter,10,7,1,4
Hyderabad,Kolkata,964,800,DHL,Summer,10,4,0,0
Ahmedabad,Chennai,3301,800,DTDC,Autumn,10,7,1,4
Kolkata,Lucknow,366,800,DHL,Monsoon,10,5,0,0
Bangalore,Ahmedabad,3605,800,DHL,Winter,6,10,0,0
Chennai,Bangalore,978,350,FedEx,Winter,8,9,0,0
Chennai,Ahmedabad,251,800,DHL,Summer,5,2,1,2
Hyderabad,Mumbai,3456,800,FedEx,Monsoon,5,4,0,0
Lucknow,Kolkata,4244,800,BlueDart,Autumn,3,6,0,0
Mumbai,Ahmedabad,2154,800,DTDC,Summer,7,5,0,0
Chennai,Jaipur,156,800,FedEx,Summer,2,1,0,0
Lucknow,Jaipur,552,800,DTDC,Winter,3,9,0,0
Chennai,Bangalore,701,350,Delhivery,Monsoon,2,9,0,0
Lucknow,Delhi,1035,800,BlueDart,Summer,8,3,1,3
Mumbai,Kolkata,4060,800,Delhivery,Winter,4,4,0,0
Jaipur,Pune,4015,800,Delhivery,Autumn,10,4,1,4
Chennai,Jaipur,3369,800,DHL,Summer,8,10,0,0
Ahmedabad,Bangalore,2961,800,DHL,Autumn,8,8,0,0
Bangalore,Kolkata,739,1900,Delhivery,Autumn,8,6,1,4
Lucknow,Bangalore,4509,800,DHL,Winter,8,2,0,0
Bangalore,Delhi,2565,800,DTDC,Monsoon,8,4,0,0
Pune,Chennai,1160,800,DHL,Autumn,9,1,1,3
Pune,Hyderabad,1745,800,Delhivery,Summer,2,3,1,2
Mumbai,Hyderabad,1048,800,DHL,Monsoon,9,4,1,4
Lucknow,Bangalore,2922,800,DHL,Monsoon,8,8,1,5
Delhi,Bangalore,4850,800,FedEx,Winter,10,3,1,3
Pune,Lucknow,2550,800,FedEx,Summer,1,5,0,0
Mumbai,Delhi,4424,800,Delhivery,Summer,5,1,0,0
Pune,Lucknow,1252,800,DTDC,Winter,2,4,0,0
Pune,Mumbai,782,800,BlueDart,Winter,10,2,1,3
Delhi,Pune,1926,800,BlueDart,Monsoon,5,4,0,0
Chennai,Ahmedabad,3422,800,Delhivery,Autumn,8,5,0,0
Hyderabad,Pune,2509,800,DTDC,Autumn,9,3,0,0
Jaipur,Bangalore,3450,800,DTDC,Autumn,9,6,1,4
Pune,Bangalore,3555,800,DTDC,Autumn,1,2,0,0
Pune,Mumbai,1223,800,FedEx,Summer,7,5,0,0
Ahmedabad,Chennai,2941,800,Delhivery,Summer,8,4,0,0
Jaipur,Delhi,428,800,BlueDart,Winter,10,5,1,4
Delhi,Jaipur,3791,800,DTDC,Winter,3,9,0,0
Bangalore,Chennai,4970,350,Delhivery,Autumn,6,6,0,0
Lucknow,Ahmedabad,798,800,BlueDart,Winter,3,7,0,0
Pune,Ahmedabad,1881,800,FedEx,Summer,9,8,1,4
Hyderabad,Lucknow,4600,800,DHL,Autumn,3,9,0,0
Lucknow,Hyderabad,2035,800,BlueDart,Autumn,2,5,0,0
Jaipur,Mumbai,2456,800,BlueDart,Summer,9,8,0,0
Lucknow,Pune,4833,800,BlueDart,Monsoon,8,2,0,0
Chennai,Mumbai,570,800,DHL,Autumn,8,10,1,4
Pune,Bangalore,2661,800,DTDC,Winter,2,9,1,3
Lucknow,Kolkata,3914,800,DHL,Monsoon,6,2,1,3
Bangalore,Jaipur,549,800,BlueDart,Summer,5,5,1,3
Bangalore,Lucknow,4765,800,FedEx,Monsoon,2,6,1,3
Pune,Ahmedabad,3146,800,BlueDart,Monsoon,5,4,0,0
Kolkata,Lucknow,3299,800,FedEx,Autumn,4,8,0,0
Bangalore,Chennai,2620,350,Delhivery,Monsoon,9,10,1,5
Lucknow,Kolkata,4922,800,FedEx,Winter,1,3,0,0
Mumbai,Jaipur,1954,800,BlueDart,Autumn,6,5,1,3
Bangalore,Mumbai,3155,800,DHL,Summer,7,2,0,0
Jaipur,Pune,2768,800,BlueDart,Winter,6,3,1,3
Kolkata,Pune,3270,800,BlueDart,Autumn,5,8,0,0
Lucknow,Mumbai,4117,800,Delhivery,Monsoon,4,5,1,4
Delhi,Ahmedabad,1905,800,DTDC,Winter,5,3,0,0
Ahmedabad,Mumbai,2510,800,BlueDart,Autumn,9,5,0,0
Delhi,Bangalore,2839,800,Delhivery,Autumn,5,9,1,4
Chennai,Hyderabad,3883,800,DHL,Summer,10,3,1,3
Ahmedabad,Delhi,57,800,Delhivery,Autumn,8,10,0,0
Chennai,Mumbai,2374,800,Delhivery,Summer,7,7,1,4
Ahmedabad,Hyderabad,2266,800,FedEx,Monsoon,4,8,0,0
Ahmedabad,Jaipur,4682,800,DTDC,Autumn,10,5,1,4
Mumbai,Jaipur,763,800,DTDC,Autumn,5,3,0,0
Hyderabad,Jaipur,2812,800,DHL,Monsoon,7,6,1,4
Jaipur,Hyderabad,4659,800,Delhivery,Autumn,6,3,1,3
Delhi,Chennai,3662,800,DHL,Autumn,3,9,1,3
Bangalore,Mumbai,412,800,DHL,Winter,10,2,0,0
Lucknow,Delhi,2096,800,DTDC,Summer,3,3,1,2
Kolkata,Hyderabad,2237,800,DTDC,Autumn,2,7,0,0
Jaipur,Kolkata,3420,800,DTDC,Autumn,3,10,1,3
Chennai,Mumbai,3000,800,BlueDart,Summer,10,8,1,4
Mumbai,Delhi,4653,800,Delhivery,Winter,1,5,0,0
Chennai,Lucknow,1159,800,DHL,Summer,9,5,1,3
Hyderabad,Delhi,72,800,Delhivery,Autumn,2,5,0,0
Kolkata,Pune,4949,800,DHL,Monsoon,3,4,0,0
Mumbai,Kolkata,3163,800,DHL,Monsoon,5,9,0,0
Chennai,Pune,1018,800,DHL,Winter,10,6,1,4
Hyderabad,Jaipur,2041,800,DHL,Winter,4,8,0,0
Lucknow,Kolkata,1332,800,FedEx,Autumn,5,8,0,0
Lucknow,Mumbai,2091,800,FedEx,Winter,6,5,0,0
Chennai,Kolkata,761,1660,BlueDart,Autumn,5,9,0,0
Jaipur,Bangalore,4154,800,DTDC,Monsoon,10,2,1,5
Kolkata,Hyderabad,667,800,DHL,Winter,1,8,0,0
Pune,Hyderabad,1670,800,Delhivery,Autumn,6,3,0,0
Jaipur,Delhi,710,800,FedEx,Summer,9,7,1,4
Lucknow,Ahmedabad,1090,800,DTDC,Winter,3,9,0,0
Kolkata,Bangalore,2166,1900,BlueDart,Autumn,2,5,0,0
Hyderabad,Mumbai,1550,800,DTDC,Autumn,6,8,0,0
Mumbai,Chennai,3042,800,DHL,Summer,3,4,0,0
Ahmedabad,Lucknow,1993,800,DTDC,Monsoon,4,1,1,3
Chennai,Ahmedabad,324,800,DHL,Summer,6,1,0,0
Delhi,Ahmedabad,3091,800,FedEx,Autumn,6,6,1,3
Kolkata,Chennai,4743,1660,FedEx,Summer,2,8,1,3
Bangalore,Jaipur,2324,800,DHL,Summer,3,10,0,0
Hyderabad,Kolkata,2145,800,Delhivery,Autumn,9,2,0,0
Pune,Ahmedabad,1659,800,FedEx,Monsoon,2,4,0,0
Ahmedabad,Lucknow,3229,800,Delhivery,Summer,3,3,1,2
Bangalore,Hyderabad,3810,800,DHL,Summer,9,9,1,4
Pune,Kolkata,2488,800,DHL,Winter,4,3,0,0
Delhi,Kolkata,4077,1500,FedEx,Winter,1,8,1,3
Lucknow,Hyderabad,1785,800,Delhivery,Autumn,2,7,0,0
Jaipur,Delhi,1976,800,DHL,Autumn,3,1,0,0
Chennai,Bangalore,1777,350,FedEx,Autumn,9,8,1,4
Mumbai,Delhi,3825,800,DHL,Winter,9,9,0,0
Pune,Delhi,251,800,DTDC,Autumn,6,8,0,0
Ahmedabad,Delhi,4807,800,DTDC,Summer,6,10,1,4
Kolkata,Jaipur,2959,800,FedEx,Summer,3,10,0,0
Lucknow,Pune,4846,800,DHL,Monsoon,5,1,1,3
Kolkata,Delhi,4886,1500,FedEx,Autumn,4,7,1,3
Ahmedabad,Hyderabad,2266,800,BlueDart,Summer,10,9,0,0
Kolkata,Hyderabad,4121,800,FedEx,Summer,10,5,0,0
Pune,Bangalore,3378,800,FedEx,Monsoon,9,2,1,4
Hyderabad,Kolkata,376,800,DTDC,Summer,9,8,0,0
Kolkata,Hyderabad,2837,800,DTDC,Monsoon,1,9,1,4
Jaipur,Kolkata,1262,800,DHL,Monsoon,8,7,0,0
Delhi,Chennai,2497,800,FedEx,Winter,9,5,0,0
Mumbai,Chennai,4795,800,FedEx,Summer,5,8,1,3
Pune,Chennai,3613,800,DHL,Winter,4,6,1,3
Bangalore,Pune,3531,800,Delhivery,Summer,10,4,0,0
Ahmedabad,Delhi,4952,800,DHL,Winter,4,1,0,0
Lucknow,Chennai,4527,800,DTDC,Monsoon,2,6,0,0
Pune,Chennai,1653,800,DTDC,Monsoon,9,8,0,0
Hyderabad,Mumbai,1222,800,FedEx,Monsoon,5,3,1,3
Lucknow,Pune,4713,800,DTDC,Monsoon,3,7,0,0
Jaipur,Mumbai,29,800,DHL,Summer,6,7,0,0
Ahmedabad,Jaipur,685,800,FedEx,Autumn,9,9,1,4
Lucknow,Ahmedabad,4487,800,DHL,Summer,9,1,0,0
Kolkata,Lucknow,618,800,DHL,Winter,5,5,1,3
Pune,Jaipur,71,800,FedEx,Summer,8,8,1,4
Delhi,Hyderabad,1275,800,Delhivery,Summer,4,3,0,0
Ahmedabad,Jaipur,2295,800,DTDC,Winter,5,5,0,0
Chennai,Bangalore,1164,350,BlueDart,Monsoon,7,1,0,0
Jaipur,Ahmedabad,1638,800,BlueDart,Winter,7,9,1,4
Mumbai,Kolkata,1636,800,BlueDart,Winter,7,4,1,3
Ahmedabad,Kolkata,3726,800,DTDC,Autumn,8,5,1,4
Hyderabad,Lucknow,1452,800,Delhivery,Autumn,5,3,0,0
Pune,Ahmedabad,1663,800,DHL,Monsoon,1,2,0,0
Kolkata,Chennai,2512,1660,FedEx,Winter,9,7,1,4
Mumbai,Ahmedabad,3279,800,Delhivery,Winter,9,5,1,4
Mumbai,Pune,291,800,BlueDart,Winter,7,10,0,0
Jaipur,Lucknow,4991,800,DTDC,Summer,6,3,0,0
Lucknow,Chennai,1034,800,DTDC,Autumn,5,2,0,0
Hyderabad,Bangalore,4828,800,FedEx,Autumn,5,10,0,0
Lucknow,Pune,3413,800,DHL,Monsoon,3,6,0,0
Kolkata,Mumbai,1245,800,Delhivery,Autumn,10,10,1,5
Mumbai,Lucknow,4192,800,Delhivery,Autumn,1,6,0,0
Hyderabad,Mumbai,4770,800,Delhivery,Monsoon,6,3,0,0
Hyderabad,Delhi,4967,800,DHL,Winter,8,9,1,4
Bangalore,Jaipur,795,800,DHL,Summer,2,1,0,0
Pune,Lucknow,3327,800,DHL,Monsoon,8,3,0,0
Mumbai,Pune,1677,800,FedEx,Autumn,8,1,0,0
Mumbai,Chennai,3018,800,DTDC,Monsoon,10,7,1,5
Hyderabad,Pune,3204,800,BlueDart,Autumn,8,2,0,0
Lucknow,Hyderabad,4799,800,DHL,Winter,10,4,1,4
Mumbai,Bangalore,3785,800,DTDC,Winter,3,4,1,2
Hyderabad,Bangalore,2456,800,DHL,Winter,10,8,0,0
Mumbai,Hyderabad,3800,800,BlueDart,Autumn,8,4,0,0
Hyderabad,Chennai,543,800,DHL,Monsoon,4,3,0,0
Bangalore,Delhi,411,800,DTDC,Autumn,3,10,0,0
Pune,Chennai,3673,800,FedEx,Winter,9,3,0,0
Hyderabad,Jaipur,139,800,BlueDart,Winter,8,5,0,0
Mumbai,Hyderabad,2349,800,DTDC,Winter,10,6,1,4
Kolkata,Hyderabad,4381,800,Delhivery,Autumn,2,7,1,3
Pune,Bangalore,2969,800,Delhivery,Summer,8,5,0,0
Bangalore,Jaipur,1868,800,Delhivery,Winter,3,7,1,3
Hyderabad,Ahmedabad,2983,800,FedEx,Monsoon,10,4,1,5
Kolkata,Delhi,4160,1500,DHL,Winter,6,5,0,0
Hyderabad,Delhi,3659,800,DHL,Autumn,5,6,0,0
Lucknow,Jaipur,2796,800,DHL,Monsoon,8,9,1,5
Mumbai,Pune,3107,800,FedEx,Autumn,9,6,0,0
Ahmedabad,Lucknow,3522,800,Delhivery,Summer,7,10,1,4
Jaipur,Hyderabad,4870,800,DHL,Summer,6,1,1,2
Delhi,Hyderabad,1230,800,FedEx,Autumn,6,7,1,3
Lucknow,Mumbai,651,800,FedEx,Winter,1,3,1,1
Kolkata,Ahmedabad,3324,800,DTDC,Monsoon,5,6,1,4
Lucknow,Hyderabad,733,800,DHL,Winter,8,2,1,3
Chennai,Bangalore,4907,350,Delhivery,Autumn,6,7,0,0
Hyderabad,Bangalore,747,800,BlueDart,Autumn,1,1,0,0
Hyderabad,Bangalore,4863,800,FedEx,Winter,5,2,0,0
Delhi,Chennai,1309,800,DTDC,Monsoon,5,9,1,5
Delhi,Pune,3490,800,BlueDart,Monsoon,3,9,1,4
Chennai,Delhi,349,800,FedEx,Monsoon,8,7,1,5
Mumbai,Bangalore,162,800,DTDC,Monsoon,9,2,1,4
Jaipur,Bangalore,1431,800,DHL,Monsoon,6,5,0,0
Ahmedabad,Pune,3061,800,DTDC,Summer,6,4,1,3
Ahmedabad,Bangalore,436,800,FedEx,Summer,2,2,0,0
Bangalore,Pune,3568,800,DHL,Autumn,10,2,0,0
Bangalore,Lucknow,1145,800,Delhivery,Summer,2,10,0,0
Mumbai,Kolkata,2382,800,DTDC,Monsoon,6,8,1,5
Bangalore,Pune,3339,800,BlueDart,Monsoon,8,5,1,4
Bangalore,Lucknow,959,800,DHL,Monsoon,2,8,0,0
Chennai,Jaipur,1383,800,DHL,Autumn,9,2,0,0
Chennai,Jaipur,966,800,Delhivery,Autumn,9,2,0,0
Bangalore,Lucknow,1711,800,DTDC,Winter,4,3,0,0
Lucknow,Kolkata,2951,800,BlueDart,Summer,4,10,1,3
Pune,Kolkata,2492,800,Delhivery,Summer,4,8,1,3
Pune,Bangalore,1313,800,DTDC,Winter,5,8,1,3
Mumbai,Hyderabad,380,800,BlueDart,Winter,8,3,0,0
Ahmedabad,Jaipur,2990,800,BlueDart,Summer,2,1,1,1
Delhi,Hyderabad,2306,800,FedEx,Monsoon,5,7,0,0
Mumbai,Kolkata,4808,800,BlueDart,Summer,2,4,0,0
Bangalore,Jaipur,2135,800,DTDC,Monsoon,8,3,1,4
Chennai,Pune,2976,800,Delhivery,Autumn,1,5,0,0
Hyderabad,Ahmedabad,4155,800,Delhivery,Summer,7,6,1,4
Lucknow,Kolkata,2752,800,FedEx,Summer,3,1,0,0
Kolkata,Hyderabad,4031,800,DTDC,Autumn,4,9,1,3
Chennai,Delhi,2374,800,BlueDart,Autumn,8,6,1,3
Pune,Chennai,772,800,FedEx,Autumn,3,3,0,0
Chennai,Jaipur,4072,800,DHL,Autumn,7,1,0,0
Lucknow,Pune,1014,800,DTDC,Autumn,1,9,0,0
Delhi,Mumbai,3765,800,FedEx,Winter,9,2,0,0
Bangalore,Delhi,2856,800,Delhivery,Winter,6,10,1,4
Hyderabad,Kolkata,359,800,FedEx,Autumn,3,6,0,0
Pune,Lucknow,2974,800,DHL,Autumn,7,6,1,3
Pune,Ahmedabad,696,800,DTDC,Autumn,5,3,0,0
Jaipur,Kolkata,4647,800,FedEx,Autumn,8,6,1,3
Ahmedabad,Mumbai,3136,800,BlueDart,Monsoon,8,2,1,4
Delhi,Ahmedabad,4466,800,DTDC,Monsoon,9,8,1,5
Pune,Jaipur,2765,800,FedEx,Autumn,6,1,1,2
Ahmedabad,Pune,3534,800,FedEx,Autumn,4,6,1,3
Pune,Delhi,3634,800,DTDC,Summer,2,1,1,2
Bangalore,Hyderabad,2742,800,Delhivery,Autumn,3,9,0,0
Ahmedabad,Chennai,1703,800,BlueDart,Autumn,5,9,1,3
Lucknow,Jaipur,2902,800,DTDC,Winter,8,6,0,0
Jaipur,Mumbai,3821,800,BlueDart,Monsoon,10,6,0,0
Bangalore,Ahmedabad,4190,800,BlueDart,Autumn,2,9,0,0
Lucknow,Bangalore,694,800,DTDC,Monsoon,5,5,0,0
Hyderabad,Lucknow,4350,800,FedEx,Monsoon,9,9,1,5
Delhi,Hyderabad,2929,800,Delhivery,Summer,2,5,0,0
Delhi,Ahmedabad,3766,800,BlueDart,Monsoon,8,4,1,4
Kolkata,Lucknow,3293,800,BlueDart,Monsoon,3,2,1,3
Kolkata,Lucknow,4701,800,FedEx,Autumn,8,2,1,3
Ahmedabad,Jaipur,4036,800,DTDC,Winter,4,1,1,2
Delhi,Lucknow,1166,800,Delhivery,Autumn,4,10,0,0
Ahmedabad,Chennai,3071,800,BlueDart,Autumn,7,3,0,0
Kolkata,Ahmedabad,4455,800,BlueDart,Winter,5,1,1,2
Hyderabad,Kolkata,2339,800,DTDC,Winter,4,6,0,0
Pune,Kolkata,1302,800,FedEx,Summer,7,7,1,3
Lucknow,Chennai,1894,800,DHL,Winter,3,9,0,0
Chennai,Delhi,1570,800,FedEx,Autumn,9,7,0,0
Ahmedabad,Hyderabad,993,800,BlueDart,Winter,5,4,1,2
Hyderabad,Lucknow,2077,800,BlueDart,Winter,3,4,0,0
Lucknow,Mumbai,1873,800,Delhivery,Winter,2,8,0,0
Delhi,Pune,1989,800,FedEx,Monsoon,7,4,1,4
Pune,Hyderabad,1746,800,DHL,Summer,7,1,0,0
Lucknow,Bangalore,2462,800,Delhivery,Monsoon,5,9,0,0
Jaipur,Mumbai,1928,800,DHL,Monsoon,4,3,0,0
Kolkata,Chennai,710,1660,Delhivery,Summer,2,1,0,0
Lucknow,Jaipur,4056,800,FedEx,Monsoon,2,9,1,4
Chennai,Delhi,2083,800,BlueDart,Winter,7,10,1,4
Hyderabad,Bangalore,4671,800,DHL,Summer,10,10,0,0
Pune,Delhi,3763,800,FedEx,Monsoon,7,5,1,4
Bangalore,Delhi,404,800,DHL,Autumn,4,9,1,3
Lucknow,Pune,1966,800,FedEx,Monsoon,4,3,1,3
Mumbai,Chennai,3058,800,Delhivery,Autumn,4,6,1,3
Chennai,Pune,3462,800,FedEx,Winter,2,7,1,2
Chennai,Jaipur,532,800,Delhivery,Autumn,9,5,1,4
Mumbai,Chennai,1572,800,BlueDart,Monsoon,1,8,1,3
Jaipur,Delhi,2919,800,Delhivery,Monsoon,8,10,0,0
Bangalore,Jaipur,2859,800,DTDC,Monsoon,6,6,1,4
Kolkata,Bangalore,559,1900,BlueDart,Summer,10,6,1,4
Hyderabad,Pune,1478,800,FedEx,Summer,7,7,0,0
Pune,Mumbai,842,800,FedEx,Monsoon,5,8,1,4
Hyderabad,Ahmedabad,4492,800,DTDC,Monsoon,6,2,1,4
Bangalore,Lucknow,1431,800,FedEx,Winter,6,7,1,3
Hyderabad,Bangalore,295,800,BlueDart,Summer,9,9,0,0
Mumbai,Pune,2755,800,BlueDart,Summer,10,1,0,0
Chennai,Ahmedabad,3775,800,Delhivery,Summer,4,1,1,2
Hyderabad,Jaipur,4474,800,DHL,Autumn,5,7,0,0
Ahmedabad,Bangalore,1455,800,FedEx,Monsoon,4,5,0,0
Lucknow,Bangalore,1476,800,DTDC,Winter,1,1,1,2
Bangalore,Kolkata,1786,1900,BlueDart,Winter,10,1,0,0
Jaipur,Bangalore,3665,800,BlueDart,Monsoon,6,2,1,3
Ahmedabad,Lucknow,924,800,BlueDart,Monsoon,5,10,1,4
Mumbai,Kolkata,297,800,DHL,Winter,4,9,0,0
Delhi,Ahmedabad,4200,800,DHL,Autumn,6,3,0,0
Mumbai,Jaipur,2098,800,FedEx,Winter,5,9,0,0
Jaipur,Pune,4436,800,DTDC,Autumn,3,6,0,0
Jaipur,Kolkata,1814,800,DHL,Autumn,2,10,1,3
Ahmedabad,Kolkata,1188,800,Delhivery,Summer,6,6,1,3
Lucknow,Hyderabad,2561,800,DHL,Monsoon,4,7,0,0
Bangalore,Pune,4380,800,BlueDart,Summer,10,10,1,4
Kolkata,Pune,1598,800,DTDC,Autumn,3,8,1,3
Chennai,Kolkata,1966,1660,FedEx,Winter,8,3,1,4
Ahmedabad,Hyderabad,1785,800,DHL,Summer,9,8,1,4
Jaipur,Ahmedabad,4872,800,BlueDart,Winter,7,6,1,3
Delhi,Hyderabad,997,800,Delhivery,Autumn,2,6,0,0
Pune,Kolkata,1213,800,Delhivery,Winter,8,3,1,3
Jaipur,Delhi,3340,800,FedEx,Summer,5,6,0,0
Lucknow,Ahmedabad,1129,800,FedEx,Autumn,10,8,1,4
Lucknow,Hyderabad,206,800,DHL,Monsoon,7,7,0,0
Jaipur,Mumbai,3985,800,FedEx,Summer,5,10,1,3
Lucknow,Chennai,535,800,BlueDart,Summer,2,10,0,0
Ahmedabad,Bangalore,4737,800,BlueDart,Monsoon,4,7,1,4
Jaipur,Bangalore,1420,800,BlueDart,Autumn,5,3,0,0
Jaipur,Ahmedabad,4513,800,DHL,Monsoon,6,10,1,5
Bangalore,Kolkata,1302,1900,DHL,Summer,5,3,0,0
Chennai,Jaipur,1204,800,FedEx,Autumn,10,5,1,4
Delhi,Lucknow,1958,800,DHL,Winter,1,5,0,0
Lucknow,Bangalore,3665,800,BlueDart,Summer,1,9,0,0
Bangalore,Hyderabad,4796,800,DTDC,Winter,3,9,0,0
Kolkata,Chennai,2227,1660,BlueDart,Monsoon,9,10,1,6
Kolkata,Ahmedabad,4264,800,DTDC,Autumn,2,5,0,0
Hyderabad,Chennai,3590,800,FedEx,Monsoon,10,5,0,0
Ahmedabad,Jaipur,1027,800,Delhivery,Winter,5,6,1,3
Ahmedabad,Bangalore,3163,800,DHL,Summer,9,8,0,0
Mumbai,Hyderabad,3600,800,DHL,Autumn,7,6,1,3
Delhi,Mumbai,4217,800,BlueDart,Monsoon,8,6,0,0
Jaipur,Hyderabad,4079,800,BlueDart,Winter,2,9,0,0
Lucknow,Kolkata,57,800,DTDC,Winter,5,1,0,0
Delhi,Jaipur,3673,800,DHL,Summer,9,4,1,3
Hyderabad,Lucknow,4481,800,FedEx,Winter,1,10,0,0
Mumbai,Jaipur,837,800,BlueDart,Autumn,1,10,1,2
Bangalore,Jaipur,4732,800,DHL,Winter,10,2,1,3
Delhi,Chennai,2099,800,Delhivery,Summer,8,9,1,4
Bangalore,Kolkata,2066,1900,DTDC,Monsoon,2,3,1,4
Kolkata,Chennai,828,1660,BlueDart,Autumn,9,10,0,0
Lucknow,Kolkata,4762,800,BlueDart,Monsoon,10,2,1,4
Hyderabad,Lucknow,3994,800,FedEx,Monsoon,9,8,0,0
Jaipur,Lucknow,3690,800,BlueDart,Winter,4,4,0,0
Lucknow,Mumbai,1821,800,DHL,Winter,2,2,0,0
Chennai,Jaipur,4895,800,DHL,Summer,3,4,0,0
Ahmedabad,Mumbai,3124,800,DHL,Winter,10,7,0,0
Hyderabad,Delhi,1639,800,Delhivery,Winter,1,7,1,2
Delhi,Pune,1553,800,Delhivery,Monsoon,3,1,0,0
Lucknow,Pune,3589,800,BlueDart,Autumn,5,1,0,0
Pune,Mumbai,1914,800,Delhivery,Winter,3,3,1,2
Ahmedabad,Bangalore,1446,800,Delhivery,Autumn,3,2,0,0
Ahmedabad,Pune,3327,800,FedEx,Winter,10,3,0,0
Pune,Lucknow,3530,800,Delhivery,Winter,6,4,1,3
Mumbai,Jaipur,3069,800,DTDC,Summer,3,7,0,0
Mumbai,Jaipur,4126,800,DTDC,Winter,3,2,0,0
Pune,Lucknow,1008,800,DTDC,Summer,9,7,1,4
Chennai,Bangalore,1441,350,BlueDart,Monsoon,2,5,0,0
Kolkata,Jaipur,4562,800,DHL,Autumn,1,8,0,0
Pune,Mumbai,3071,800,FedEx,Winter,10,8,0,0
Kolkata,Jaipur,274,800,BlueDart,Summer,8,5,1,3
Lucknow,Ahmedabad,3741,800,DHL,Monsoon,3,10,1,4
Chennai,Jaipur,2284,800,FedEx,Winter,7,8,1,3
Hyderabad,Mumbai,3885,800,FedEx,Summer,2,9,0,0
Kolkata,Ahmedabad,3327,800,FedEx,Summer,8,7,1,4
Ahmedabad,Pune,2056,800,DTDC,Monsoon,9,6,1,5
Lucknow,Kolkata,3154,800,DTDC,Winter,8,7,1,4
Ahmedabad,Kolkata,3231,800,DTDC,Winter,8,7,1,4
Chennai,Pune,3150,800,FedEx,Autumn,8,3,1,3
Kolkata,Bangalore,4910,1900,FedEx,Winter,7,6,0,0
Bangalore,Ahmedabad,1263,800,DTDC,Summer,2,6,0,0
Chennai,Pune,732,800,FedEx,Autumn,8,9,1,4
